2026-05-04 09:53:52.427 +07:00 [WRN] The query uses the 'First'/'FirstOrDefault' operator without 'OrderBy' and filter operators. This may lead to unpredictable results.
2026-05-04 09:54:15.736 +07:00 [WRN] Failed to determine the https port for redirect.
2026-05-04 09:54:15.744 +07:00 [INF] HTTP OPTIONS /api/auth/login responded 204 in 3.4125 ms
2026-05-04 09:54:15.988 +07:00 [INF] POST /api/auth/login — Email: Test12@example.com
2026-05-04 09:54:16.314 +07:00 [INF] User 'Test12' logged in.
2026-05-04 09:54:16.346 +07:00 [INF] HTTP POST /api/auth/login responded 200 in 587.8319 ms
2026-05-04 09:54:16.352 +07:00 [INF] HTTP OPTIONS /api/session/runtime-id responded 204 in 0.3318 ms
2026-05-04 09:54:16.400 +07:00 [INF] HTTP OPTIONS /api/hotels/all responded 204 in 0.1320 ms
2026-05-04 09:54:16.401 +07:00 [INF] HTTP OPTIONS /api/rooms responded 204 in 0.0328 ms
2026-05-04 09:54:16.401 +07:00 [INF] HTTP GET /api/session/runtime-id responded 200 in 46.3313 ms
2026-05-04 09:54:16.569 +07:00 [INF] HTTP GET /api/hotels/all responded 200 in 164.4973 ms
2026-05-04 09:54:16.576 +07:00 [INF] HTTP GET /api/rooms responded 200 in 169.2879 ms
2026-05-04 09:54:16.587 +07:00 [INF] HTTP GET /uploads/202604/c595ef30523a44bb9d8d40075a4d9c8c.jpg responded 304 in 2.3441 ms
2026-05-04 09:54:46.656 +07:00 [INF] HTTP OPTIONS /api/bookings/available-rooms responded 204 in 0.1536 ms
2026-05-04 09:54:46.707 +07:00 [INF] GET /api/bookings/available-rooms — CheckIn: "2026-05-05T00:00:00.0000000", CheckOut: "2026-05-06T00:00:00.0000000"
2026-05-04 09:54:46.768 +07:00 [INF] HTTP GET /api/bookings/available-rooms responded 200 in 108.0138 ms
2026-05-04 09:58:20.162 +07:00 [INF] HTTP OPTIONS /api/rooms responded 204 in 0.0995 ms
2026-05-04 09:58:20.191 +07:00 [INF] HTTP GET /api/rooms responded 200 in 25.5639 ms
2026-05-04 09:58:26.245 +07:00 [INF] HTTP OPTIONS /api/hotels/all responded 204 in 0.0992 ms
2026-05-04 09:58:26.265 +07:00 [INF] HTTP GET /api/hotels/all responded 200 in 16.0154 ms
2026-05-04 09:58:26.272 +07:00 [INF] HTTP OPTIONS /api/rooms responded 204 in 0.4119 ms
2026-05-04 09:58:26.305 +07:00 [INF] HTTP GET /api/rooms responded 200 in 27.8367 ms
2026-05-04 10:00:36.017 +07:00 [INF] HTTP OPTIONS /api/rooms responded 204 in 0.1839 ms
2026-05-04 10:00:36.034 +07:00 [INF] HTTP GET /api/rooms responded 200 in 13.5701 ms
2026-05-04 10:00:38.825 +07:00 [INF] HTTP OPTIONS /api/rooms responded 204 in 0.0671 ms
2026-05-04 10:00:38.837 +07:00 [INF] HTTP GET /api/rooms responded 200 in 9.3291 ms
2026-05-04 10:00:41.135 +07:00 [INF] HTTP OPTIONS /api/rooms responded 204 in 0.1167 ms
2026-05-04 10:00:41.150 +07:00 [INF] HTTP GET /api/rooms responded 200 in 9.7273 ms
2026-05-04 10:00:43.788 +07:00 [INF] HTTP OPTIONS /api/rooms responded 204 in 0.1506 ms
2026-05-04 10:00:43.803 +07:00 [INF] HTTP GET /api/rooms responded 200 in 9.8573 ms
2026-05-04 10:02:35.401 +07:00 [INF] HTTP OPTIONS /api/bookings/available-rooms responded 204 in 0.0921 ms
2026-05-04 10:02:35.415 +07:00 [INF] GET /api/bookings/available-rooms — CheckIn: "2026-05-05T00:00:00.0000000", CheckOut: "2026-05-06T00:00:00.0000000"
2026-05-04 10:02:35.421 +07:00 [INF] HTTP GET /api/bookings/available-rooms responded 200 in 16.1931 ms
2026-05-04 10:02:40.387 +07:00 [INF] HTTP OPTIONS /api/hotels/all responded 204 in 0.0763 ms
2026-05-04 10:02:40.388 +07:00 [INF] HTTP OPTIONS /api/rooms responded 204 in 0.0923 ms
2026-05-04 10:02:40.405 +07:00 [INF] HTTP GET /api/rooms responded 200 in 11.3347 ms
2026-05-04 10:02:40.412 +07:00 [INF] HTTP GET /api/hotels/all responded 200 in 18.3073 ms
2026-05-04 10:02:43.502 +07:00 [INF] HTTP OPTIONS /api/bookings/my-bookings responded 204 in 0.0768 ms
2026-05-04 10:02:43.524 +07:00 [INF] GET /api/bookings/my-bookings — UserId: 2
2026-05-04 10:02:43.616 +07:00 [INF] HTTP GET /api/bookings/my-bookings responded 200 in 110.2716 ms
2026-05-04 10:02:49.152 +07:00 [INF] HTTP OPTIONS /api/hotels/all responded 204 in 0.1247 ms
2026-05-04 10:02:49.152 +07:00 [INF] HTTP OPTIONS /api/rooms responded 204 in 0.0196 ms
2026-05-04 10:02:49.167 +07:00 [INF] HTTP GET /api/rooms responded 200 in 8.6427 ms
2026-05-04 10:02:49.167 +07:00 [INF] HTTP GET /api/hotels/all responded 200 in 9.7065 ms
2026-05-04 10:02:50.126 +07:00 [INF] HTTP GET /api/rooms responded 200 in 10.3833 ms
2026-05-04 10:05:17.733 +07:00 [INF] HTTP OPTIONS /api/auth/login responded 204 in 0.0552 ms
2026-05-04 10:05:17.744 +07:00 [INF] POST /api/auth/login — Email: Test12@example.com
2026-05-04 10:05:17.982 +07:00 [INF] User 'Test12' logged in.
2026-05-04 10:05:17.983 +07:00 [INF] HTTP POST /api/auth/login responded 200 in 246.9239 ms
2026-05-04 10:05:17.986 +07:00 [INF] HTTP OPTIONS /api/session/runtime-id responded 204 in 0.0520 ms
2026-05-04 10:05:18.002 +07:00 [INF] HTTP OPTIONS /api/hotels/all responded 204 in 0.0570 ms
2026-05-04 10:05:18.003 +07:00 [INF] HTTP OPTIONS /api/rooms responded 204 in 0.0966 ms
2026-05-04 10:05:18.003 +07:00 [INF] HTTP GET /api/session/runtime-id responded 200 in 2.5514 ms
2026-05-04 10:05:18.021 +07:00 [INF] HTTP GET /api/hotels/all responded 200 in 12.6406 ms
2026-05-04 10:05:18.022 +07:00 [INF] HTTP GET /api/rooms responded 200 in 10.2357 ms
2026-05-04 10:05:23.478 +07:00 [INF] HTTP OPTIONS /api/bookings/available-rooms responded 204 in 0.0484 ms
2026-05-04 10:05:23.489 +07:00 [INF] GET /api/bookings/available-rooms — CheckIn: "2026-05-05T00:00:00.0000000", CheckOut: "2026-05-06T00:00:00.0000000"
2026-05-04 10:05:23.494 +07:00 [INF] HTTP GET /api/bookings/available-rooms responded 200 in 11.9421 ms
2026-05-04 10:05:26.541 +07:00 [INF] HTTP OPTIONS /api/rooms responded 204 in 0.1280 ms
2026-05-04 10:05:26.556 +07:00 [INF] HTTP GET /api/rooms responded 200 in 9.0414 ms
2026-05-04 10:05:39.035 +07:00 [INF] HTTP OPTIONS /api/hotels/all responded 204 in 0.0473 ms
2026-05-04 10:05:39.050 +07:00 [INF] HTTP GET /api/hotels/all responded 200 in 11.3566 ms
2026-05-04 10:05:39.054 +07:00 [INF] HTTP OPTIONS /api/rooms responded 204 in 0.0468 ms
2026-05-04 10:05:39.066 +07:00 [INF] HTTP GET /api/rooms responded 200 in 9.2788 ms
2026-05-04 10:05:41.621 +07:00 [INF] HTTP OPTIONS /api/rooms responded 204 in 0.0531 ms
2026-05-04 10:05:41.635 +07:00 [INF] HTTP GET /api/rooms responded 200 in 10.3641 ms
2026-05-04 10:05:55.743 +07:00 [INF] HTTP OPTIONS /api/auth/login responded 204 in 0.0402 ms
2026-05-04 10:05:55.754 +07:00 [INF] POST /api/auth/login — Email: Test12@example.com
2026-05-04 10:05:55.995 +07:00 [ERR] HTTP POST /api/auth/login responded 500 in 248.7863 ms
HotelManagement.Exceptions.AppException: Email hoặc mật khẩu không đúng.
   at HotelManagement.Services.Implementations.AuthService.LoginAsync(LoginRequestDto dto) in C:\Users\MSI\source\Do_An_2\Backend\Services\Implementations\AuthService.cs:line 87
   at HotelManagement.Controllers.AuthController.Login(LoginRequestDto dto) in C:\Users\MSI\source\Do_An_2\Backend\Controllers\AuthController.cs:line 35
   at Microsoft.AspNetCore.Mvc.Infrastructure.ActionMethodExecutor.TaskOfIActionResultExecutor.Execute(ActionContext actionContext, IActionResultTypeMapper mapper, ObjectMethodExecutor executor, Object controller, Object[] arguments)
   at Microsoft.AspNetCore.Mvc.Infrastructure.ControllerActionInvoker.<InvokeActionMethodAsync>g__Awaited|12_0(ControllerActionInvoker invoker, ValueTask`1 actionResultValueTask)
   at Microsoft.AspNetCore.Mvc.Infrastructure.ControllerActionInvoker.<InvokeNextActionFilterAsync>g__Awaited|10_0(ControllerActionInvoker invoker, Task lastTask, State next, Scope scope, Object state, Boolean isCompleted)
   at Microsoft.AspNetCore.Mvc.Infrastructure.ControllerActionInvoker.Rethrow(ActionExecutedContextSealed context)
   at Microsoft.AspNetCore.Mvc.Infrastructure.ControllerActionInvoker.Next(State& next, Scope& scope, Object& state, Boolean& isCompleted)
   at Microsoft.AspNetCore.Mvc.Infrastructure.ControllerActionInvoker.<InvokeInnerFilterAsync>g__Awaited|13_0(ControllerActionInvoker invoker, Task lastTask, State next, Scope scope, Object state, Boolean isCompleted)
   at Microsoft.AspNetCore.Mvc.Infrastructure.ResourceInvoker.<InvokeFilterPipelineAsync>g__Awaited|20_0(ResourceInvoker invoker, Task lastTask, State next, Scope scope, Object state, Boolean isCompleted)
   at Microsoft.AspNetCore.Mvc.Infrastructure.ResourceInvoker.<InvokeAsync>g__Awaited|17_0(ResourceInvoker invoker, Task task, IDisposable scope)
   at Microsoft.AspNetCore.Mvc.Infrastructure.ResourceInvoker.<InvokeAsync>g__Awaited|17_0(ResourceInvoker invoker, Task task, IDisposable scope)
   at Microsoft.AspNetCore.Authorization.AuthorizationMiddleware.Invoke(HttpContext context)
   at Microsoft.AspNetCore.Authentication.AuthenticationMiddleware.Invoke(HttpContext context)
   at Serilog.AspNetCore.RequestLoggingMiddleware.Invoke(HttpContext httpContext)
2026-05-04 10:05:56.013 +07:00 [WRN] AppException [401]: Email hoặc mật khẩu không đúng.
2026-05-04 10:06:04.500 +07:00 [INF] HTTP OPTIONS /api/auth/login responded 204 in 0.0612 ms
2026-05-04 10:06:04.510 +07:00 [INF] POST /api/auth/login — Email: Test12@example.com
2026-05-04 10:06:04.748 +07:00 [INF] User 'Test12' logged in.
2026-05-04 10:06:04.749 +07:00 [INF] HTTP POST /api/auth/login responded 200 in 246.9133 ms
2026-05-04 10:06:04.754 +07:00 [INF] HTTP OPTIONS /api/session/runtime-id responded 204 in 0.0467 ms
2026-05-04 10:06:04.758 +07:00 [INF] HTTP GET /api/session/runtime-id responded 200 in 0.4155 ms
2026-05-04 10:06:04.799 +07:00 [INF] HTTP OPTIONS /api/hotels/all responded 204 in 0.1015 ms
2026-05-04 10:06:04.802 +07:00 [INF] HTTP OPTIONS /api/rooms responded 204 in 0.0566 ms
2026-05-04 10:06:04.823 +07:00 [INF] HTTP GET /api/hotels/all responded 200 in 17.6429 ms
2026-05-04 10:06:04.825 +07:00 [INF] HTTP GET /api/rooms responded 200 in 17.7537 ms
2026-05-04 10:06:11.534 +07:00 [INF] HTTP OPTIONS /api/rooms responded 204 in 0.0872 ms
2026-05-04 10:06:11.550 +07:00 [INF] HTTP GET /api/rooms responded 200 in 9.4674 ms
2026-05-04 10:06:13.546 +07:00 [INF] HTTP OPTIONS /api/bookings/available-rooms responded 204 in 0.0531 ms
2026-05-04 10:06:13.557 +07:00 [INF] GET /api/bookings/available-rooms — CheckIn: "2026-05-05T00:00:00.0000000", CheckOut: "2026-05-06T00:00:00.0000000"
2026-05-04 10:06:13.561 +07:00 [INF] HTTP GET /api/bookings/available-rooms responded 200 in 10.8987 ms
2026-05-04 10:06:17.794 +07:00 [INF] HTTP OPTIONS /api/rooms responded 204 in 0.0384 ms
2026-05-04 10:06:17.806 +07:00 [INF] HTTP GET /api/rooms responded 200 in 7.7892 ms
2026-05-04 10:06:19.418 +07:00 [INF] HTTP OPTIONS /api/bookings/available-rooms responded 204 in 0.0562 ms
2026-05-04 10:06:19.429 +07:00 [INF] GET /api/bookings/available-rooms — CheckIn: "2026-05-05T00:00:00.0000000", CheckOut: "2026-05-06T00:00:00.0000000"
2026-05-04 10:06:19.433 +07:00 [INF] HTTP GET /api/bookings/available-rooms responded 200 in 12.0835 ms
2026-05-04 10:06:25.034 +07:00 [INF] HTTP OPTIONS /api/hotels/all responded 204 in 0.0415 ms
2026-05-04 10:06:25.035 +07:00 [INF] HTTP OPTIONS /api/rooms responded 204 in 0.1107 ms
2026-05-04 10:06:25.046 +07:00 [INF] HTTP GET /api/rooms responded 200 in 7.8457 ms
2026-05-04 10:06:25.046 +07:00 [INF] HTTP GET /api/hotels/all responded 200 in 8.8843 ms
2026-05-04 10:06:28.428 +07:00 [INF] HTTP OPTIONS /api/bookings/my-bookings responded 204 in 0.0327 ms
2026-05-04 10:06:28.438 +07:00 [INF] GET /api/bookings/my-bookings — UserId: 2
2026-05-04 10:06:28.442 +07:00 [INF] HTTP GET /api/bookings/my-bookings responded 200 in 11.3879 ms
2026-05-04 10:06:37.213 +07:00 [INF] HTTP OPTIONS /api/hotels/all responded 204 in 0.0482 ms
2026-05-04 10:06:37.213 +07:00 [INF] HTTP OPTIONS /api/rooms responded 204 in 0.0100 ms
2026-05-04 10:06:37.225 +07:00 [INF] HTTP GET /api/hotels/all responded 200 in 8.8226 ms
2026-05-04 10:06:37.225 +07:00 [INF] HTTP GET /api/rooms responded 200 in 7.9574 ms
2026-05-04 10:07:09.551 +07:00 [INF] HTTP OPTIONS /api/hotels/all responded 204 in 0.0367 ms
2026-05-04 10:07:09.562 +07:00 [INF] HTTP GET /api/hotels/all responded 200 in 7.5919 ms
2026-05-04 10:07:09.565 +07:00 [INF] HTTP OPTIONS /api/rooms responded 204 in 0.0304 ms
2026-05-04 10:07:09.577 +07:00 [INF] HTTP GET /api/rooms responded 200 in 8.4017 ms
2026-05-04 10:07:11.338 +07:00 [INF] HTTP GET /api/rooms responded 200 in 8.6892 ms
2026-05-04 10:07:14.921 +07:00 [INF] HTTP OPTIONS /api/rooms responded 204 in 0.0329 ms
2026-05-04 10:07:14.932 +07:00 [INF] HTTP GET /api/rooms responded 200 in 8.1281 ms
2026-05-04 10:07:16.769 +07:00 [INF] HTTP OPTIONS /api/rooms responded 204 in 0.0310 ms
2026-05-04 10:07:16.782 +07:00 [INF] HTTP GET /api/rooms responded 200 in 9.2126 ms
2026-05-04 10:07:31.834 +07:00 [INF] HTTP OPTIONS /api/auth/login responded 204 in 0.0319 ms
2026-05-04 10:07:31.845 +07:00 [INF] POST /api/auth/login — Email: admin@hotel.com
2026-05-04 10:07:32.085 +07:00 [INF] User 'admin' logged in.
2026-05-04 10:07:32.086 +07:00 [INF] HTTP POST /api/auth/login responded 200 in 247.2467 ms
2026-05-04 10:07:32.090 +07:00 [INF] HTTP OPTIONS /api/session/runtime-id responded 204 in 0.0310 ms
2026-05-04 10:07:32.093 +07:00 [INF] HTTP GET /api/session/runtime-id responded 200 in 0.2851 ms
2026-05-04 10:07:32.157 +07:00 [INF] HTTP OPTIONS /api/rooms responded 204 in 0.0286 ms
2026-05-04 10:07:32.167 +07:00 [INF] HTTP GET /api/rooms responded 200 in 7.8050 ms
2026-05-04 10:07:32.206 +07:00 [INF] HTTP OPTIONS /hubs/room/negotiate responded 204 in 0.2343 ms
2026-05-04 10:07:32.206 +07:00 [INF] HTTP OPTIONS /hubs/room/negotiate responded 204 in 0.0198 ms
2026-05-04 10:07:32.215 +07:00 [INF] HTTP POST /hubs/room/negotiate responded 200 in 6.2274 ms
2026-05-04 10:07:32.215 +07:00 [INF] HTTP POST /hubs/room/negotiate responded 200 in 4.9410 ms
2026-05-04 10:07:32.294 +07:00 [INF] SignalR Connected: UserId=1, Role=, ConnId=r3PaGRn4W3YKD5T5D04Pdw
2026-05-04 10:07:32.295 +07:00 [INF] SignalR Connected: UserId=1, Role=, ConnId=zTpRQJ6fvriKsy7Q7At3NQ
2026-05-04 10:07:34.847 +07:00 [INF] HTTP OPTIONS /api/hotels/all responded 204 in 0.0384 ms
2026-05-04 10:07:34.848 +07:00 [INF] HTTP OPTIONS /api/room-types/all responded 204 in 0.0497 ms
2026-05-04 10:07:34.859 +07:00 [INF] HTTP GET /api/hotels/all responded 200 in 8.5799 ms
2026-05-04 10:07:34.882 +07:00 [INF] HTTP GET /api/room-types/all responded 200 in 30.0724 ms
2026-05-04 10:07:35.699 +07:00 [INF] HTTP GET /api/rooms responded 200 in 8.8111 ms
2026-05-04 10:07:36.781 +07:00 [INF] HTTP GET /api/hotels/all responded 200 in 7.2351 ms
2026-05-04 10:07:39.760 +07:00 [INF] HTTP OPTIONS /api/room-types/hotel/2 responded 204 in 0.0293 ms
2026-05-04 10:07:39.787 +07:00 [INF] HTTP GET /api/room-types/hotel/2 responded 200 in 24.0689 ms
2026-05-04 10:08:04.190 +07:00 [INF] HTTP OPTIONS /api/uploads/image responded 204 in 0.0423 ms
2026-05-04 10:08:04.219 +07:00 [INF] HTTP POST /api/uploads/image responded 200 in 25.6840 ms
2026-05-04 10:08:04.234 +07:00 [INF] HTTP GET /uploads/202605/22f6ec46b1c04d48a39f93ab5db92195.jpg responded 200 in 7.0541 ms
2026-05-04 10:08:06.576 +07:00 [INF] HTTP OPTIONS /api/rooms responded 204 in 0.0432 ms
2026-05-04 10:08:06.667 +07:00 [INF] Room 'HN101' created in Hotel #2.
2026-05-04 10:08:06.671 +07:00 [INF] HTTP POST /api/rooms responded 201 in 92.4670 ms
2026-05-04 10:08:06.765 +07:00 [INF] HTTP GET /api/rooms responded 200 in 8.0130 ms
2026-05-04 10:08:13.595 +07:00 [INF] HTTP OPTIONS /api/rooms responded 204 in 0.0311 ms
2026-05-04 10:08:13.606 +07:00 [INF] HTTP GET /api/rooms responded 200 in 8.9438 ms
2026-05-04 10:08:13.612 +07:00 [INF] HTTP GET /uploads/202605/22f6ec46b1c04d48a39f93ab5db92195.jpg responded 304 in 0.2554 ms
2026-05-04 10:08:14.363 +07:00 [INF] HTTP GET /api/rooms responded 200 in 10.2874 ms
2026-05-04 10:08:17.040 +07:00 [INF] HTTP OPTIONS /api/hotels/all responded 204 in 0.0466 ms
2026-05-04 10:08:17.053 +07:00 [INF] HTTP GET /api/hotels/all responded 200 in 8.1236 ms
2026-05-04 10:08:17.057 +07:00 [INF] HTTP OPTIONS /api/rooms responded 204 in 0.0388 ms
2026-05-04 10:08:17.069 +07:00 [INF] HTTP GET /api/rooms responded 200 in 9.7555 ms
2026-05-04 10:08:18.373 +07:00 [INF] HTTP GET /api/rooms responded 200 in 9.6309 ms
2026-05-04 10:08:20.162 +07:00 [INF] HTTP GET /api/hotels/all responded 200 in 9.4917 ms
2026-05-04 10:08:20.176 +07:00 [INF] HTTP GET /api/rooms responded 200 in 9.8516 ms
2026-05-04 10:08:21.375 +07:00 [INF] HTTP GET /api/rooms responded 200 in 9.9681 ms
2026-05-04 10:08:23.696 +07:00 [INF] HTTP OPTIONS /api/hotels/all responded 204 in 0.0423 ms
2026-05-04 10:08:23.708 +07:00 [INF] HTTP GET /api/hotels/all responded 200 in 7.7579 ms
2026-05-04 10:08:23.712 +07:00 [INF] HTTP OPTIONS /api/rooms responded 204 in 0.0416 ms
2026-05-04 10:08:23.724 +07:00 [INF] HTTP GET /api/rooms responded 200 in 8.7130 ms
2026-05-04 10:08:24.882 +07:00 [INF] HTTP GET /api/rooms responded 200 in 7.6435 ms
2026-05-04 10:08:27.429 +07:00 [INF] HTTP OPTIONS /api/rooms responded 204 in 0.0305 ms
2026-05-04 10:08:27.440 +07:00 [INF] HTTP GET /api/rooms responded 200 in 8.2685 ms
2026-05-04 10:08:31.203 +07:00 [INF] HTTP OPTIONS /api/rooms responded 204 in 0.0525 ms
2026-05-04 10:08:31.216 +07:00 [INF] HTTP GET /api/rooms responded 200 in 8.8723 ms
2026-05-04 10:08:33.839 +07:00 [INF] HTTP OPTIONS /api/hotels/all responded 204 in 0.0586 ms
2026-05-04 10:08:33.855 +07:00 [INF] HTTP GET /api/hotels/all responded 200 in 9.6331 ms
2026-05-04 10:08:33.860 +07:00 [INF] HTTP OPTIONS /api/rooms responded 204 in 0.0282 ms
2026-05-04 10:08:33.870 +07:00 [INF] HTTP GET /api/rooms responded 200 in 7.7855 ms
2026-05-04 10:08:34.968 +07:00 [INF] HTTP GET /api/rooms responded 200 in 9.6710 ms
2026-05-04 10:08:36.446 +07:00 [INF] HTTP GET /api/hotels/all responded 200 in 9.6808 ms
2026-05-04 10:08:36.458 +07:00 [INF] HTTP GET /api/rooms responded 200 in 9.1137 ms
2026-05-04 10:08:37.546 +07:00 [INF] HTTP OPTIONS /api/rooms responded 204 in 0.0295 ms
2026-05-04 10:08:37.557 +07:00 [INF] HTTP GET /api/rooms responded 200 in 7.9504 ms
2026-05-04 10:08:39.179 +07:00 [INF] HTTP GET /api/rooms responded 200 in 9.2387 ms
2026-05-04 10:08:42.946 +07:00 [INF] HTTP OPTIONS /api/hotels/all responded 204 in 0.0309 ms
2026-05-04 10:08:42.958 +07:00 [INF] HTTP GET /api/hotels/all responded 200 in 8.0232 ms
2026-05-04 10:08:42.961 +07:00 [INF] HTTP OPTIONS /api/rooms responded 204 in 0.0374 ms
2026-05-04 10:08:42.972 +07:00 [INF] HTTP GET /api/rooms responded 200 in 8.1662 ms
2026-05-04 10:08:47.383 +07:00 [INF] HTTP OPTIONS /api/rooms responded 204 in 0.0305 ms
2026-05-04 10:08:47.393 +07:00 [INF] HTTP GET /api/rooms responded 200 in 7.7331 ms
2026-05-04 10:08:54.236 +07:00 [INF] HTTP OPTIONS /api/rooms responded 204 in 0.0594 ms
2026-05-04 10:08:54.248 +07:00 [INF] HTTP GET /api/rooms responded 200 in 8.5253 ms
2026-05-04 10:08:56.172 +07:00 [INF] HTTP OPTIONS /api/hotels/all responded 204 in 0.0571 ms
2026-05-04 10:08:56.183 +07:00 [INF] HTTP GET /api/hotels/all responded 200 in 7.7787 ms
2026-05-04 10:08:56.187 +07:00 [INF] HTTP OPTIONS /api/rooms responded 204 in 0.0296 ms
2026-05-04 10:08:56.198 +07:00 [INF] HTTP GET /api/rooms responded 200 in 7.8377 ms
2026-05-04 10:09:02.767 +07:00 [INF] HTTP OPTIONS /api/rooms responded 204 in 0.0462 ms
2026-05-04 10:09:02.780 +07:00 [INF] HTTP GET /api/rooms responded 200 in 8.9171 ms
2026-05-04 10:09:42.625 +07:00 [INF] HTTP OPTIONS /api/hotels/all responded 204 in 0.0354 ms
2026-05-04 10:09:42.626 +07:00 [INF] HTTP OPTIONS /api/rooms responded 204 in 0.0268 ms
2026-05-04 10:09:42.640 +07:00 [INF] HTTP GET /api/hotels/all responded 200 in 11.0948 ms
2026-05-04 10:09:42.645 +07:00 [INF] HTTP GET /api/rooms responded 200 in 15.0485 ms
2026-05-04 10:09:42.669 +07:00 [INF] HTTP GET /uploads/202605/22f6ec46b1c04d48a39f93ab5db92195.jpg responded 304 in 0.2283 ms
2026-05-04 10:12:31.031 +07:00 [INF] HTTP OPTIONS /api/hotels/all responded 204 in 0.0473 ms
2026-05-04 10:12:31.044 +07:00 [INF] HTTP GET /api/hotels/all responded 200 in 9.3832 ms
2026-05-04 10:12:31.048 +07:00 [INF] HTTP OPTIONS /api/rooms responded 204 in 0.0499 ms
2026-05-04 10:12:31.058 +07:00 [INF] HTTP GET /api/rooms responded 200 in 7.6351 ms
2026-05-04 10:12:32.970 +07:00 [INF] HTTP OPTIONS /api/rooms responded 204 in 0.0393 ms
2026-05-04 10:12:32.983 +07:00 [INF] HTTP GET /api/rooms responded 200 in 8.4666 ms
2026-05-04 10:12:36.471 +07:00 [INF] HTTP OPTIONS /api/bookings/my-bookings responded 204 in 0.0360 ms
2026-05-04 10:12:36.484 +07:00 [INF] GET /api/bookings/my-bookings — UserId: 1
2026-05-04 10:12:36.486 +07:00 [INF] HTTP GET /api/bookings/my-bookings responded 200 in 10.9662 ms
2026-05-04 10:12:43.909 +07:00 [INF] HTTP OPTIONS /api/hotels/all responded 204 in 0.0405 ms
2026-05-04 10:12:43.910 +07:00 [INF] HTTP OPTIONS /api/rooms responded 204 in 0.0511 ms
2026-05-04 10:12:43.921 +07:00 [INF] HTTP GET /api/hotels/all responded 200 in 8.2419 ms
2026-05-04 10:12:43.931 +07:00 [INF] HTTP GET /api/rooms responded 200 in 16.3460 ms
2026-05-04 10:12:49.871 +07:00 [INF] HTTP OPTIONS /api/bookings/my-bookings responded 204 in 0.0462 ms
2026-05-04 10:12:49.883 +07:00 [INF] GET /api/bookings/my-bookings — UserId: 1
2026-05-04 10:12:49.886 +07:00 [INF] HTTP GET /api/bookings/my-bookings responded 200 in 11.3088 ms
2026-05-04 10:13:05.562 +07:00 [INF] HTTP OPTIONS /api/auth/login responded 204 in 0.0408 ms
2026-05-04 10:13:05.572 +07:00 [INF] POST /api/auth/login — Email: Test12@example.com
2026-05-04 10:13:05.811 +07:00 [INF] User 'Test12' logged in.
2026-05-04 10:13:05.812 +07:00 [INF] HTTP POST /api/auth/login responded 200 in 246.3976 ms
2026-05-04 10:13:05.816 +07:00 [INF] HTTP OPTIONS /api/session/runtime-id responded 204 in 0.0288 ms
2026-05-04 10:13:05.820 +07:00 [INF] HTTP GET /api/session/runtime-id responded 200 in 0.2454 ms
2026-05-04 10:13:05.861 +07:00 [INF] HTTP OPTIONS /api/hotels/all responded 204 in 0.0960 ms
2026-05-04 10:13:05.862 +07:00 [INF] HTTP OPTIONS /api/rooms responded 204 in 0.0715 ms
2026-05-04 10:13:05.884 +07:00 [INF] HTTP GET /api/hotels/all responded 200 in 15.8175 ms
2026-05-04 10:13:05.886 +07:00 [INF] HTTP GET /api/rooms responded 200 in 14.5175 ms
2026-05-04 10:13:05.954 +07:00 [INF] HTTP GET /uploads/202605/22f6ec46b1c04d48a39f93ab5db92195.jpg responded 304 in 0.2490 ms
2026-05-04 10:13:07.360 +07:00 [INF] HTTP GET /api/hotels/all responded 200 in 11.6157 ms
2026-05-04 10:13:07.367 +07:00 [INF] HTTP OPTIONS /api/rooms responded 204 in 0.0375 ms
2026-05-04 10:13:07.382 +07:00 [INF] HTTP GET /api/rooms responded 200 in 11.2521 ms
2026-05-04 10:13:10.114 +07:00 [INF] HTTP OPTIONS /api/rooms responded 204 in 0.0479 ms
2026-05-04 10:13:10.129 +07:00 [INF] HTTP GET /api/rooms responded 200 in 11.2562 ms
2026-05-04 10:13:12.797 +07:00 [INF] HTTP OPTIONS /api/bookings/my-bookings responded 204 in 0.0457 ms
2026-05-04 10:13:12.815 +07:00 [INF] GET /api/bookings/my-bookings — UserId: 2
2026-05-04 10:13:12.818 +07:00 [INF] HTTP GET /api/bookings/my-bookings responded 200 in 11.5813 ms
2026-05-04 10:13:18.570 +07:00 [INF] HTTP OPTIONS /api/hotels/all responded 204 in 0.0396 ms
2026-05-04 10:13:18.573 +07:00 [INF] HTTP OPTIONS /api/rooms responded 204 in 0.0332 ms
2026-05-04 10:13:18.584 +07:00 [INF] HTTP GET /api/rooms responded 200 in 7.6593 ms
2026-05-04 10:13:18.584 +07:00 [INF] HTTP GET /api/hotels/all responded 200 in 8.9921 ms
2026-05-04 10:13:35.059 +07:00 [INF] HTTP OPTIONS /api/bookings/my-bookings responded 204 in 0.0348 ms
2026-05-04 10:13:35.072 +07:00 [INF] GET /api/bookings/my-bookings — UserId: 2
2026-05-04 10:13:35.075 +07:00 [INF] HTTP GET /api/bookings/my-bookings responded 200 in 10.1106 ms
2026-05-04 10:13:37.371 +07:00 [INF] HTTP OPTIONS /api/hotels/all responded 204 in 0.0359 ms
2026-05-04 10:13:37.372 +07:00 [INF] HTTP OPTIONS /api/rooms responded 204 in 0.0233 ms
2026-05-04 10:13:37.383 +07:00 [INF] HTTP GET /api/hotels/all responded 200 in 8.9655 ms
2026-05-04 10:13:37.383 +07:00 [INF] HTTP GET /api/rooms responded 200 in 7.6112 ms
2026-05-04 10:14:12.528 +07:00 [INF] HTTP OPTIONS /api/bookings/my-bookings responded 204 in 0.0380 ms
2026-05-04 10:14:12.538 +07:00 [INF] GET /api/bookings/my-bookings — UserId: 2
2026-05-04 10:14:12.541 +07:00 [INF] HTTP GET /api/bookings/my-bookings responded 200 in 9.4902 ms
2026-05-04 10:14:18.873 +07:00 [INF] HTTP OPTIONS /api/hotels/all responded 204 in 0.0325 ms
2026-05-04 10:14:18.886 +07:00 [INF] HTTP GET /api/hotels/all responded 200 in 8.3730 ms
2026-05-04 10:14:18.890 +07:00 [INF] HTTP OPTIONS /api/rooms responded 204 in 0.0374 ms
2026-05-04 10:14:18.902 +07:00 [INF] HTTP GET /api/rooms responded 200 in 9.4978 ms
2026-05-04 10:14:26.729 +07:00 [INF] HTTP OPTIONS /api/rooms responded 204 in 0.0355 ms
2026-05-04 10:14:26.740 +07:00 [INF] HTTP GET /api/rooms responded 200 in 8.0988 ms
2026-05-04 10:14:26.745 +07:00 [INF] HTTP GET /uploads/202605/22f6ec46b1c04d48a39f93ab5db92195.jpg responded 304 in 0.2533 ms
2026-05-04 10:14:32.123 +07:00 [INF] HTTP OPTIONS /api/hotels/all responded 204 in 0.0360 ms
2026-05-04 10:14:32.123 +07:00 [INF] HTTP OPTIONS /api/room-types/hotel/2 responded 204 in 0.0127 ms
2026-05-04 10:14:32.134 +07:00 [INF] HTTP GET /api/hotels/all responded 200 in 8.3174 ms
2026-05-04 10:14:32.134 +07:00 [INF] HTTP GET /api/room-types/hotel/2 responded 200 in 7.9157 ms
2026-05-04 10:14:53.052 +07:00 [INF] HTTP OPTIONS /api/uploads/image responded 204 in 0.0475 ms
2026-05-04 10:14:53.058 +07:00 [INF] HTTP POST /api/uploads/image responded 403 in 1.4982 ms
2026-05-04 10:15:06.014 +07:00 [INF] HTTP OPTIONS /api/rooms/6 responded 204 in 0.0434 ms
2026-05-04 10:15:06.017 +07:00 [INF] HTTP PUT /api/rooms/6 responded 403 in 0.3659 ms
2026-05-04 10:15:15.603 +07:00 [INF] HTTP OPTIONS /api/hotels/all responded 204 in 0.0413 ms
2026-05-04 10:15:15.603 +07:00 [INF] HTTP OPTIONS /api/room-types/hotel/2 responded 204 in 0.0327 ms
2026-05-04 10:15:15.612 +07:00 [INF] HTTP GET /uploads/202605/22f6ec46b1c04d48a39f93ab5db92195.jpg responded 304 in 0.5708 ms
2026-05-04 10:15:15.613 +07:00 [INF] HTTP GET /api/room-types/hotel/2 responded 200 in 6.3844 ms
2026-05-04 10:15:15.613 +07:00 [INF] HTTP GET /api/hotels/all responded 200 in 7.7243 ms
2026-05-04 10:15:22.400 +07:00 [INF] HTTP OPTIONS /api/uploads/image responded 204 in 0.0672 ms
2026-05-04 10:15:22.404 +07:00 [INF] HTTP POST /api/uploads/image responded 403 in 0.2494 ms
2026-05-04 10:17:14.760 +07:00 [INF] SignalR Disconnected: ConnId=r3PaGRn4W3YKD5T5D04Pdw
2026-05-04 10:17:14.760 +07:00 [INF] SignalR Disconnected: ConnId=zTpRQJ6fvriKsy7Q7At3NQ
2026-05-04 10:17:14.763 +07:00 [INF] HTTP GET /hubs/room responded 101 in 582487.6172 ms
2026-05-04 10:17:14.763 +07:00 [INF] HTTP GET /hubs/room responded 101 in 582470.0235 ms
2026-05-04 10:50:22.853 +07:00 [WRN] The query uses the 'First'/'FirstOrDefault' operator without 'OrderBy' and filter operators. This may lead to unpredictable results.
2026-05-04 10:50:39.660 +07:00 [WRN] Failed to determine the https port for redirect.
2026-05-04 10:50:39.667 +07:00 [INF] HTTP OPTIONS /api/auth/login responded 204 in 2.3899 ms
2026-05-04 10:50:39.882 +07:00 [INF] POST /api/auth/login — Email: Test12@example.com
2026-05-04 10:50:40.164 +07:00 [ERR] HTTP POST /api/auth/login responded 500 in 484.4268 ms
HotelManagement.Exceptions.AppException: Email hoặc mật khẩu không đúng.
   at HotelManagement.Services.Implementations.AuthService.LoginAsync(LoginRequestDto dto) in C:\Users\MSI\source\Do_An_2\Backend\Services\Implementations\AuthService.cs:line 87
   at HotelManagement.Controllers.AuthController.Login(LoginRequestDto dto) in C:\Users\MSI\source\Do_An_2\Backend\Controllers\AuthController.cs:line 35
   at Microsoft.AspNetCore.Mvc.Infrastructure.ActionMethodExecutor.TaskOfIActionResultExecutor.Execute(ActionContext actionContext, IActionResultTypeMapper mapper, ObjectMethodExecutor executor, Object controller, Object[] arguments)
   at Microsoft.AspNetCore.Mvc.Infrastructure.ControllerActionInvoker.<InvokeActionMethodAsync>g__Awaited|12_0(ControllerActionInvoker invoker, ValueTask`1 actionResultValueTask)
   at Microsoft.AspNetCore.Mvc.Infrastructure.ControllerActionInvoker.<InvokeNextActionFilterAsync>g__Awaited|10_0(ControllerActionInvoker invoker, Task lastTask, State next, Scope scope, Object state, Boolean isCompleted)
   at Microsoft.AspNetCore.Mvc.Infrastructure.ControllerActionInvoker.Rethrow(ActionExecutedContextSealed context)
   at Microsoft.AspNetCore.Mvc.Infrastructure.ControllerActionInvoker.Next(State& next, Scope& scope, Object& state, Boolean& isCompleted)
   at Microsoft.AspNetCore.Mvc.Infrastructure.ControllerActionInvoker.<InvokeInnerFilterAsync>g__Awaited|13_0(ControllerActionInvoker invoker, Task lastTask, State next, Scope scope, Object state, Boolean isCompleted)
   at Microsoft.AspNetCore.Mvc.Infrastructure.ResourceInvoker.<InvokeFilterPipelineAsync>g__Awaited|20_0(ResourceInvoker invoker, Task lastTask, State next, Scope scope, Object state, Boolean isCompleted)
   at Microsoft.AspNetCore.Mvc.Infrastructure.ResourceInvoker.<InvokeAsync>g__Awaited|17_0(ResourceInvoker invoker, Task task, IDisposable scope)
   at Microsoft.AspNetCore.Mvc.Infrastructure.ResourceInvoker.<InvokeAsync>g__Awaited|17_0(ResourceInvoker invoker, Task task, IDisposable scope)
   at Microsoft.AspNetCore.Authorization.AuthorizationMiddleware.Invoke(HttpContext context)
   at Microsoft.AspNetCore.Authentication.AuthenticationMiddleware.Invoke(HttpContext context)
   at Serilog.AspNetCore.RequestLoggingMiddleware.Invoke(HttpContext httpContext)
2026-05-04 10:50:40.175 +07:00 [WRN] AppException [401]: Email hoặc mật khẩu không đúng.
2026-05-04 10:50:47.955 +07:00 [INF] HTTP OPTIONS /api/auth/login responded 204 in 0.5397 ms
2026-05-04 10:50:47.968 +07:00 [INF] POST /api/auth/login — Email: Test12@example.com
2026-05-04 10:50:48.312 +07:00 [INF] User 'Test12' logged in.
2026-05-04 10:50:48.333 +07:00 [INF] HTTP POST /api/auth/login responded 200 in 374.7810 ms
2026-05-04 10:50:48.337 +07:00 [INF] HTTP OPTIONS /api/session/runtime-id responded 204 in 0.0699 ms
2026-05-04 10:50:48.383 +07:00 [INF] HTTP GET /api/session/runtime-id responded 200 in 42.8118 ms
2026-05-04 10:50:48.383 +07:00 [INF] HTTP OPTIONS /api/hotels/all responded 204 in 0.1136 ms
2026-05-04 10:50:48.383 +07:00 [INF] HTTP OPTIONS /api/rooms responded 204 in 0.0410 ms
2026-05-04 10:50:48.493 +07:00 [INF] HTTP GET /api/hotels/all responded 200 in 104.4349 ms
2026-05-04 10:50:48.501 +07:00 [INF] HTTP GET /api/rooms responded 200 in 110.8340 ms
2026-05-04 10:50:48.533 +07:00 [INF] HTTP GET /uploads/202605/22f6ec46b1c04d48a39f93ab5db92195.jpg responded 304 in 4.0211 ms
2026-05-04 10:51:05.311 +07:00 [INF] HTTP OPTIONS /api/bookings/available-rooms responded 204 in 0.1313 ms
2026-05-04 10:51:05.361 +07:00 [INF] GET /api/bookings/available-rooms — CheckIn: "2026-05-05T00:00:00.0000000", CheckOut: "2026-05-06T00:00:00.0000000"
2026-05-04 10:51:05.414 +07:00 [INF] HTTP GET /api/bookings/available-rooms responded 200 in 98.3456 ms
2026-05-04 10:51:07.173 +07:00 [INF] HTTP OPTIONS /api/rooms/1 responded 204 in 0.0955 ms
2026-05-04 10:51:07.237 +07:00 [INF] HTTP GET /api/rooms/1 responded 200 in 59.5740 ms
2026-05-04 10:52:23.685 +07:00 [INF] HTTP OPTIONS /api/rooms/1 responded 204 in 0.1319 ms
2026-05-04 10:52:23.701 +07:00 [INF] HTTP GET /api/rooms/1 responded 200 in 12.8719 ms
2026-05-04 10:52:29.477 +07:00 [INF] HTTP OPTIONS /api/rooms responded 204 in 0.2527 ms
2026-05-04 10:52:29.494 +07:00 [INF] HTTP GET /api/rooms responded 200 in 13.7536 ms
2026-05-04 10:52:31.975 +07:00 [INF] HTTP OPTIONS /api/rooms/1 responded 204 in 0.1081 ms
2026-05-04 10:52:31.989 +07:00 [INF] HTTP GET /api/rooms/1 responded 200 in 11.1662 ms
2026-05-04 10:52:34.009 +07:00 [INF] HTTP OPTIONS /api/bookings/available-rooms responded 204 in 0.0971 ms
2026-05-04 10:52:34.024 +07:00 [INF] GET /api/bookings/available-rooms — CheckIn: "2026-05-05T00:00:00.0000000", CheckOut: "2026-05-06T00:00:00.0000000"
2026-05-04 10:52:34.029 +07:00 [INF] HTTP GET /api/bookings/available-rooms responded 200 in 16.2100 ms
2026-05-04 10:52:36.413 +07:00 [INF] HTTP OPTIONS /api/rooms responded 204 in 0.0726 ms
2026-05-04 10:52:36.413 +07:00 [INF] HTTP OPTIONS /api/hotels/all responded 204 in 0.0727 ms
2026-05-04 10:52:36.432 +07:00 [INF] HTTP GET /api/hotels/all responded 200 in 14.0987 ms
2026-05-04 10:52:36.432 +07:00 [INF] HTTP GET /api/rooms responded 200 in 15.1689 ms
2026-05-04 10:52:38.326 +07:00 [INF] HTTP GET /api/rooms responded 200 in 11.3631 ms
2026-05-04 10:52:40.858 +07:00 [INF] HTTP GET /api/hotels/all responded 200 in 12.3970 ms
2026-05-04 10:52:40.862 +07:00 [INF] HTTP OPTIONS /api/rooms responded 204 in 0.1072 ms
2026-05-04 10:52:40.891 +07:00 [INF] HTTP GET /api/rooms responded 200 in 23.4079 ms
2026-05-04 10:52:43.782 +07:00 [INF] HTTP OPTIONS /api/rooms responded 204 in 0.0721 ms
2026-05-04 10:52:43.796 +07:00 [INF] HTTP GET /api/rooms responded 200 in 10.6118 ms
2026-05-04 10:52:45.132 +07:00 [INF] HTTP OPTIONS /api/rooms/6 responded 204 in 0.0632 ms
2026-05-04 10:52:45.145 +07:00 [INF] HTTP GET /api/rooms/6 responded 200 in 9.8401 ms
2026-05-04 10:52:49.666 +07:00 [INF] HTTP OPTIONS /api/guest-account/profile responded 204 in 0.0599 ms
2026-05-04 10:52:49.756 +07:00 [INF] HTTP GET /api/guest-account/profile responded 200 in 85.7584 ms
2026-05-04 10:53:33.728 +07:00 [INF] HTTP OPTIONS /api/guest-account/profile responded 204 in 0.2977 ms
2026-05-04 10:53:33.798 +07:00 [INF] HTTP PUT /api/guest-account/profile responded 200 in 67.3494 ms
2026-05-04 10:56:15.351 +07:00 [INF] HTTP OPTIONS /api/rooms responded 204 in 0.0590 ms
2026-05-04 10:56:15.351 +07:00 [INF] HTTP OPTIONS /api/hotels/all responded 204 in 0.0589 ms
2026-05-04 10:56:15.366 +07:00 [INF] HTTP GET /api/hotels/all responded 200 in 10.2929 ms
2026-05-04 10:56:15.366 +07:00 [INF] HTTP GET /api/rooms responded 200 in 11.4144 ms
2026-05-04 10:56:15.390 +07:00 [INF] HTTP GET /uploads/202605/22f6ec46b1c04d48a39f93ab5db92195.jpg responded 304 in 0.3990 ms
2026-05-04 10:56:20.023 +07:00 [INF] HTTP OPTIONS /api/bookings/available-rooms responded 204 in 0.0499 ms
2026-05-04 10:56:20.040 +07:00 [INF] GET /api/bookings/available-rooms — CheckIn: "2026-05-05T00:00:00.0000000", CheckOut: "2026-05-06T00:00:00.0000000"
2026-05-04 10:56:20.044 +07:00 [INF] HTTP GET /api/bookings/available-rooms responded 200 in 17.2962 ms
2026-05-04 10:56:21.959 +07:00 [INF] HTTP OPTIONS /api/rooms responded 204 in 0.1803 ms
2026-05-04 10:56:21.973 +07:00 [INF] HTTP GET /api/rooms responded 200 in 10.8007 ms
2026-05-04 10:56:26.707 +07:00 [INF] HTTP OPTIONS /api/bookings/available-rooms responded 204 in 0.0512 ms
2026-05-04 10:56:26.718 +07:00 [INF] GET /api/bookings/available-rooms — CheckIn: "2026-05-05T00:00:00.0000000", CheckOut: "2026-05-06T00:00:00.0000000"
2026-05-04 10:56:26.724 +07:00 [INF] HTTP GET /api/bookings/available-rooms responded 200 in 13.3727 ms
2026-05-04 10:56:44.599 +07:00 [INF] HTTP OPTIONS /api/rateplans responded 204 in 0.0426 ms
2026-05-04 10:56:44.654 +07:00 [INF] HTTP GET /api/rateplans responded 200 in 50.6537 ms
2026-05-04 10:56:44.660 +07:00 [INF] HTTP OPTIONS /api/bookings responded 204 in 0.0521 ms
2026-05-04 10:56:44.684 +07:00 [INF] POST /api/bookings — Guest: 2, RatePlan: 1, Rooms: [1]
2026-05-04 10:56:44.859 +07:00 [WRN] Compiling a query which loads related collections for more than one collection navigation, either via 'Include' or through projection, but no 'QuerySplittingBehavior' has been configured. By default, Entity Framework will use 'QuerySplittingBehavior.SingleQuery', which can potentially result in slow query performance. See https://go.microsoft.com/fwlink/?linkid=2134277 for more information. To identify the query that's triggering this warning call 'ConfigureWarnings(w => w.Throw(RelationalEventId.MultipleCollectionIncludeWarning))'.
2026-05-04 10:56:44.950 +07:00 [INF] Booking #7 created successfully.
2026-05-04 10:56:44.957 +07:00 [INF] HTTP POST /api/bookings responded 201 in 294.5467 ms
2026-05-04 10:56:47.012 +07:00 [INF] HTTP OPTIONS /api/bookings/7 responded 204 in 0.0796 ms
2026-05-04 10:56:47.039 +07:00 [INF] GET /api/bookings/7
2026-05-04 10:56:47.082 +07:00 [INF] HTTP GET /api/bookings/7 responded 200 in 63.2188 ms
2026-05-04 10:56:47.088 +07:00 [INF] HTTP OPTIONS /api/invoices/booking/7 responded 204 in 0.0558 ms
2026-05-04 10:56:47.112 +07:00 [WRN] Compiling a query which loads related collections for more than one collection navigation, either via 'Include' or through projection, but no 'QuerySplittingBehavior' has been configured. By default, Entity Framework will use 'QuerySplittingBehavior.SingleQuery', which can potentially result in slow query performance. See https://go.microsoft.com/fwlink/?linkid=2134277 for more information. To identify the query that's triggering this warning call 'ConfigureWarnings(w => w.Throw(RelationalEventId.MultipleCollectionIncludeWarning))'.
2026-05-04 10:56:47.148 +07:00 [INF] HTTP GET /api/invoices/booking/7 responded 200 in 56.6152 ms
2026-05-04 10:57:01.318 +07:00 [INF] HTTP OPTIONS /api/payments responded 204 in 0.0494 ms
2026-05-04 10:57:01.419 +07:00 [INF] HTTP POST /api/payments responded 201 in 97.5235 ms
2026-05-04 10:57:03.952 +07:00 [INF] HTTP OPTIONS /api/hotels/all responded 204 in 0.1350 ms
2026-05-04 10:57:03.952 +07:00 [INF] HTTP OPTIONS /api/rooms responded 204 in 0.0289 ms
2026-05-04 10:57:03.969 +07:00 [INF] HTTP GET /api/hotels/all responded 200 in 12.5961 ms
2026-05-04 10:57:03.969 +07:00 [INF] HTTP GET /api/rooms responded 200 in 11.0320 ms
2026-05-04 10:57:15.567 +07:00 [INF] HTTP OPTIONS /api/auth/login responded 204 in 0.0574 ms
2026-05-04 10:57:15.580 +07:00 [INF] POST /api/auth/login — Email: admin@hotel.com
2026-05-04 10:57:15.820 +07:00 [ERR] HTTP POST /api/auth/login responded 500 in 247.9381 ms
HotelManagement.Exceptions.AppException: Email hoặc mật khẩu không đúng.
   at HotelManagement.Services.Implementations.AuthService.LoginAsync(LoginRequestDto dto) in C:\Users\MSI\source\Do_An_2\Backend\Services\Implementations\AuthService.cs:line 87
   at HotelManagement.Controllers.AuthController.Login(LoginRequestDto dto) in C:\Users\MSI\source\Do_An_2\Backend\Controllers\AuthController.cs:line 35
   at Microsoft.AspNetCore.Mvc.Infrastructure.ActionMethodExecutor.TaskOfIActionResultExecutor.Execute(ActionContext actionContext, IActionResultTypeMapper mapper, ObjectMethodExecutor executor, Object controller, Object[] arguments)
   at Microsoft.AspNetCore.Mvc.Infrastructure.ControllerActionInvoker.<InvokeActionMethodAsync>g__Awaited|12_0(ControllerActionInvoker invoker, ValueTask`1 actionResultValueTask)
   at Microsoft.AspNetCore.Mvc.Infrastructure.ControllerActionInvoker.<InvokeNextActionFilterAsync>g__Awaited|10_0(ControllerActionInvoker invoker, Task lastTask, State next, Scope scope, Object state, Boolean isCompleted)
   at Microsoft.AspNetCore.Mvc.Infrastructure.ControllerActionInvoker.Rethrow(ActionExecutedContextSealed context)
   at Microsoft.AspNetCore.Mvc.Infrastructure.ControllerActionInvoker.Next(State& next, Scope& scope, Object& state, Boolean& isCompleted)
   at Microsoft.AspNetCore.Mvc.Infrastructure.ControllerActionInvoker.<InvokeInnerFilterAsync>g__Awaited|13_0(ControllerActionInvoker invoker, Task lastTask, State next, Scope scope, Object state, Boolean isCompleted)
   at Microsoft.AspNetCore.Mvc.Infrastructure.ResourceInvoker.<InvokeFilterPipelineAsync>g__Awaited|20_0(ResourceInvoker invoker, Task lastTask, State next, Scope scope, Object state, Boolean isCompleted)
   at Microsoft.AspNetCore.Mvc.Infrastructure.ResourceInvoker.<InvokeAsync>g__Awaited|17_0(ResourceInvoker invoker, Task task, IDisposable scope)
   at Microsoft.AspNetCore.Mvc.Infrastructure.ResourceInvoker.<InvokeAsync>g__Awaited|17_0(ResourceInvoker invoker, Task task, IDisposable scope)
   at Microsoft.AspNetCore.Authorization.AuthorizationMiddleware.Invoke(HttpContext context)
   at Microsoft.AspNetCore.Authentication.AuthenticationMiddleware.Invoke(HttpContext context)
   at Serilog.AspNetCore.RequestLoggingMiddleware.Invoke(HttpContext httpContext)
2026-05-04 10:57:15.825 +07:00 [WRN] AppException [401]: Email hoặc mật khẩu không đúng.
2026-05-04 10:57:18.967 +07:00 [INF] POST /api/auth/login — Email: admin@hotel.com
2026-05-04 10:57:19.210 +07:00 [INF] User 'admin' logged in.
2026-05-04 10:57:19.211 +07:00 [INF] HTTP POST /api/auth/login responded 200 in 250.9172 ms
2026-05-04 10:57:19.215 +07:00 [INF] HTTP OPTIONS /api/session/runtime-id responded 204 in 0.0310 ms
2026-05-04 10:57:19.219 +07:00 [INF] HTTP GET /api/session/runtime-id responded 200 in 0.9566 ms
2026-05-04 10:57:19.285 +07:00 [INF] HTTP OPTIONS /api/rooms responded 204 in 0.1339 ms
2026-05-04 10:57:19.296 +07:00 [INF] HTTP GET /api/rooms responded 200 in 8.0567 ms
2026-05-04 10:57:19.337 +07:00 [INF] HTTP OPTIONS /hubs/room/negotiate responded 204 in 0.0354 ms
2026-05-04 10:57:19.338 +07:00 [INF] HTTP OPTIONS /hubs/room/negotiate responded 204 in 0.0148 ms
2026-05-04 10:57:19.345 +07:00 [INF] HTTP POST /hubs/room/negotiate responded 200 in 4.7891 ms
2026-05-04 10:57:19.345 +07:00 [INF] HTTP POST /hubs/room/negotiate responded 200 in 3.0807 ms
2026-05-04 10:57:19.435 +07:00 [INF] SignalR Connected: UserId=1, Role=, ConnId=tMbe4dwAQVyHEcclP2kddw
2026-05-04 10:57:19.436 +07:00 [INF] SignalR Connected: UserId=1, Role=, ConnId=b76kf4vK4EsZuU_68r9Z3w
2026-05-04 10:57:21.991 +07:00 [INF] HTTP OPTIONS /api/bookings responded 204 in 0.0380 ms
2026-05-04 10:57:22.010 +07:00 [INF] GET /api/bookings — Page: 1, Filter: {"GuestName":null,"Status":null,"CheckInFrom":null,"CheckInTo":null,"Page":1,"PageSize":20,"$type":"BookingFilterDto"}
2026-05-04 10:57:22.077 +07:00 [INF] HTTP GET /api/bookings responded 200 in 82.0735 ms
2026-05-04 10:57:32.226 +07:00 [INF] HTTP OPTIONS /api/bookings/7 responded 204 in 0.0410 ms
2026-05-04 10:57:32.235 +07:00 [INF] GET /api/bookings/7
2026-05-04 10:57:32.241 +07:00 [INF] HTTP GET /api/bookings/7 responded 200 in 12.2888 ms
2026-05-04 10:57:39.774 +07:00 [INF] HTTP OPTIONS /api/bookings/checkin responded 204 in 0.0385 ms
2026-05-04 10:57:39.790 +07:00 [INF] PUT /api/bookings/checkin — BookingId: 7
2026-05-04 10:57:39.809 +07:00 [INF] Check-in thành công. Booking #7 — Guest: Test12
2026-05-04 10:57:39.810 +07:00 [INF] HTTP PUT /api/bookings/checkin responded 200 in 32.9998 ms
2026-05-04 10:57:39.816 +07:00 [INF] HTTP OPTIONS /api/bookings responded 204 in 0.0274 ms
2026-05-04 10:57:39.826 +07:00 [INF] GET /api/bookings — Page: 1, Filter: {"GuestName":null,"Status":null,"CheckInFrom":null,"CheckInTo":null,"Page":1,"PageSize":20,"$type":"BookingFilterDto"}
2026-05-04 10:57:39.833 +07:00 [INF] HTTP GET /api/bookings responded 200 in 14.3994 ms
2026-05-04 10:57:43.653 +07:00 [INF] HTTP OPTIONS /api/bookings/my-bookings responded 204 in 0.0503 ms
2026-05-04 10:57:43.672 +07:00 [INF] GET /api/bookings/my-bookings — UserId: 1
2026-05-04 10:57:43.705 +07:00 [INF] HTTP GET /api/bookings/my-bookings responded 200 in 44.3881 ms
2026-05-04 10:57:45.193 +07:00 [INF] HTTP OPTIONS /api/hotels/all responded 204 in 0.0440 ms
2026-05-04 10:57:45.195 +07:00 [INF] HTTP OPTIONS /api/rooms responded 204 in 0.0375 ms
2026-05-04 10:57:45.208 +07:00 [INF] HTTP GET /api/hotels/all responded 200 in 10.6834 ms
2026-05-04 10:57:45.210 +07:00 [INF] HTTP GET /api/rooms responded 200 in 11.3417 ms
2026-05-04 10:57:46.590 +07:00 [INF] GET /api/bookings/my-bookings — UserId: 1
2026-05-04 10:57:46.592 +07:00 [INF] HTTP GET /api/bookings/my-bookings responded 200 in 10.9801 ms
2026-05-04 10:57:56.865 +07:00 [INF] HTTP OPTIONS /api/auth/login responded 204 in 0.0321 ms
2026-05-04 10:57:56.876 +07:00 [INF] POST /api/auth/login — Email: Test12@example.com
2026-05-04 10:57:57.124 +07:00 [INF] User 'Test12' logged in.
2026-05-04 10:57:57.125 +07:00 [INF] HTTP POST /api/auth/login responded 200 in 256.5583 ms
2026-05-04 10:57:57.129 +07:00 [INF] HTTP OPTIONS /api/session/runtime-id responded 204 in 0.0273 ms
2026-05-04 10:57:57.133 +07:00 [INF] HTTP GET /api/session/runtime-id responded 200 in 0.3439 ms
2026-05-04 10:57:57.175 +07:00 [INF] HTTP OPTIONS /api/hotels/all responded 204 in 0.0659 ms
2026-05-04 10:57:57.175 +07:00 [INF] HTTP OPTIONS /api/rooms responded 204 in 0.0333 ms
2026-05-04 10:57:57.198 +07:00 [INF] HTTP GET /api/hotels/all responded 200 in 14.6785 ms
2026-05-04 10:57:57.203 +07:00 [INF] HTTP GET /api/rooms responded 200 in 14.0293 ms
2026-05-04 10:58:00.356 +07:00 [INF] HTTP GET /api/rooms responded 200 in 19.1373 ms
2026-05-04 10:58:03.087 +07:00 [INF] HTTP OPTIONS /api/rooms/1 responded 204 in 0.0332 ms
2026-05-04 10:58:03.100 +07:00 [INF] HTTP GET /api/rooms/1 responded 200 in 10.0830 ms
2026-05-04 10:58:05.911 +07:00 [INF] HTTP OPTIONS /api/bookings/my-bookings responded 204 in 0.0382 ms
2026-05-04 10:58:05.930 +07:00 [INF] GET /api/bookings/my-bookings — UserId: 2
2026-05-04 10:58:05.940 +07:00 [INF] HTTP GET /api/bookings/my-bookings responded 200 in 20.4084 ms
2026-05-04 11:01:11.386 +07:00 [INF] HTTP OPTIONS /api/rooms responded 204 in 0.0499 ms
2026-05-04 11:01:11.400 +07:00 [INF] HTTP GET /api/rooms responded 200 in 10.5629 ms
2026-05-04 11:01:11.416 +07:00 [INF] HTTP GET /uploads/202605/22f6ec46b1c04d48a39f93ab5db92195.jpg responded 304 in 0.2506 ms
2026-05-04 11:01:15.348 +07:00 [INF] HTTP OPTIONS /api/bookings/available-rooms responded 204 in 0.0309 ms
2026-05-04 11:01:15.358 +07:00 [INF] GET /api/bookings/available-rooms — CheckIn: "2026-05-05T00:00:00.0000000", CheckOut: "2026-05-06T00:00:00.0000000"
2026-05-04 11:01:15.362 +07:00 [INF] HTTP GET /api/bookings/available-rooms responded 200 in 11.3318 ms
2026-05-04 11:02:12.304 +07:00 [INF] SignalR Disconnected: ConnId=b76kf4vK4EsZuU_68r9Z3w
2026-05-04 11:02:12.304 +07:00 [INF] SignalR Disconnected: ConnId=tMbe4dwAQVyHEcclP2kddw
2026-05-04 11:02:12.307 +07:00 [INF] HTTP GET /hubs/room responded 101 in 292890.1170 ms
2026-05-04 11:02:12.307 +07:00 [INF] HTTP GET /hubs/room responded 101 in 292872.4490 ms
2026-05-04 11:09:29.425 +07:00 [WRN] The query uses the 'First'/'FirstOrDefault' operator without 'OrderBy' and filter operators. This may lead to unpredictable results.
2026-05-04 11:09:51.400 +07:00 [WRN] Failed to determine the https port for redirect.
2026-05-04 11:09:51.407 +07:00 [INF] HTTP OPTIONS /api/auth/login responded 204 in 2.6387 ms
2026-05-04 11:09:51.624 +07:00 [INF] POST /api/auth/login — Email: Test12@example.com
2026-05-04 11:09:51.944 +07:00 [INF] User 'Test12' logged in.
2026-05-04 11:09:51.976 +07:00 [INF] HTTP POST /api/auth/login responded 200 in 556.7478 ms
2026-05-04 11:09:51.982 +07:00 [INF] HTTP OPTIONS /api/session/runtime-id responded 204 in 0.2882 ms
2026-05-04 11:09:52.024 +07:00 [INF] HTTP GET /api/session/runtime-id responded 200 in 39.1932 ms
2026-05-04 11:09:52.024 +07:00 [INF] HTTP OPTIONS /api/hotels/all responded 204 in 0.0790 ms
2026-05-04 11:09:52.024 +07:00 [INF] HTTP OPTIONS /api/rooms responded 204 in 0.0797 ms
2026-05-04 11:09:52.188 +07:00 [INF] HTTP GET /api/hotels/all responded 200 in 158.1750 ms
2026-05-04 11:09:52.195 +07:00 [INF] HTTP GET /api/rooms responded 200 in 162.4663 ms
2026-05-04 11:09:52.217 +07:00 [INF] HTTP GET /uploads/202605/22f6ec46b1c04d48a39f93ab5db92195.jpg responded 304 in 2.6732 ms
2026-05-04 11:09:56.099 +07:00 [INF] HTTP GET /api/session/runtime-id responded 200 in 1.6732 ms
2026-05-04 11:10:02.740 +07:00 [INF] HTTP OPTIONS /api/auth/login responded 204 in 0.3472 ms
2026-05-04 11:10:02.751 +07:00 [INF] POST /api/auth/login — Email: admin@hotel.com
2026-05-04 11:10:03.005 +07:00 [INF] User 'admin' logged in.
2026-05-04 11:10:03.006 +07:00 [INF] HTTP POST /api/auth/login responded 200 in 263.4130 ms
2026-05-04 11:10:03.010 +07:00 [INF] HTTP OPTIONS /api/session/runtime-id responded 204 in 0.0886 ms
2026-05-04 11:10:03.014 +07:00 [INF] HTTP GET /api/session/runtime-id responded 200 in 0.5091 ms
2026-05-04 11:10:03.091 +07:00 [INF] HTTP OPTIONS /api/rooms responded 204 in 0.0755 ms
2026-05-04 11:10:03.106 +07:00 [INF] HTTP GET /api/rooms responded 200 in 11.9219 ms
2026-05-04 11:10:03.143 +07:00 [INF] HTTP OPTIONS /hubs/room/negotiate responded 204 in 0.1405 ms
2026-05-04 11:10:03.143 +07:00 [INF] HTTP OPTIONS /hubs/room/negotiate responded 204 in 0.0520 ms
2026-05-04 11:10:03.155 +07:00 [INF] HTTP POST /hubs/room/negotiate responded 200 in 8.1638 ms
2026-05-04 11:10:03.155 +07:00 [INF] HTTP POST /hubs/room/negotiate responded 200 in 9.1540 ms
2026-05-04 11:10:03.239 +07:00 [INF] SignalR Connected: UserId=1, Role=, ConnId=rXFZOT9fiJiI_TBWF0b1HA
2026-05-04 11:10:03.242 +07:00 [INF] SignalR Connected: UserId=1, Role=, ConnId=IBSBKOsSH0WdqGBVVN8VXQ
2026-05-04 11:10:06.470 +07:00 [INF] HTTP GET /api/session/runtime-id responded 200 in 0.4173 ms
2026-05-04 11:10:06.545 +07:00 [INF] HTTP GET /api/rooms responded 200 in 10.3820 ms
2026-05-04 11:10:06.578 +07:00 [INF] HTTP OPTIONS /hubs/room/negotiate responded 204 in 0.1877 ms
2026-05-04 11:10:06.578 +07:00 [INF] HTTP OPTIONS /hubs/room/negotiate responded 204 in 0.1873 ms
2026-05-04 11:10:06.582 +07:00 [INF] HTTP POST /hubs/room/negotiate responded 200 in 0.5871 ms
2026-05-04 11:10:06.584 +07:00 [INF] HTTP POST /hubs/room/negotiate responded 200 in 0.4372 ms
2026-05-04 11:10:06.659 +07:00 [INF] SignalR Connected: UserId=1, Role=, ConnId=U-X9wWW9Q985UsfAOJi_Fw
2026-05-04 11:10:06.668 +07:00 [INF] SignalR Connected: UserId=1, Role=, ConnId=h5VQ5y2eXj83zVDgPc0CWw
2026-05-04 11:55:57.343 +07:00 [WRN] The query uses the 'First'/'FirstOrDefault' operator without 'OrderBy' and filter operators. This may lead to unpredictable results.
2026-05-04 11:56:12.391 +07:00 [WRN] Failed to determine the https port for redirect.
2026-05-04 11:56:12.398 +07:00 [INF] HTTP OPTIONS /api/auth/login responded 204 in 2.5136 ms
2026-05-04 11:56:12.607 +07:00 [INF] POST /api/auth/login — Email: Test12@example.com
2026-05-04 11:56:12.878 +07:00 [ERR] HTTP POST /api/auth/login responded 500 in 468.6058 ms
HotelManagement.Exceptions.AppException: Email hoặc mật khẩu không đúng.
   at HotelManagement.Services.Implementations.AuthService.LoginAsync(LoginRequestDto dto) in C:\Users\MSI\source\Do_An_2\Backend\Services\Implementations\AuthService.cs:line 87
   at HotelManagement.Controllers.AuthController.Login(LoginRequestDto dto) in C:\Users\MSI\source\Do_An_2\Backend\Controllers\AuthController.cs:line 35
   at Microsoft.AspNetCore.Mvc.Infrastructure.ActionMethodExecutor.TaskOfIActionResultExecutor.Execute(ActionContext actionContext, IActionResultTypeMapper mapper, ObjectMethodExecutor executor, Object controller, Object[] arguments)
   at Microsoft.AspNetCore.Mvc.Infrastructure.ControllerActionInvoker.<InvokeActionMethodAsync>g__Awaited|12_0(ControllerActionInvoker invoker, ValueTask`1 actionResultValueTask)
   at Microsoft.AspNetCore.Mvc.Infrastructure.ControllerActionInvoker.<InvokeNextActionFilterAsync>g__Awaited|10_0(ControllerActionInvoker invoker, Task lastTask, State next, Scope scope, Object state, Boolean isCompleted)
   at Microsoft.AspNetCore.Mvc.Infrastructure.ControllerActionInvoker.Rethrow(ActionExecutedContextSealed context)
   at Microsoft.AspNetCore.Mvc.Infrastructure.ControllerActionInvoker.Next(State& next, Scope& scope, Object& state, Boolean& isCompleted)
   at Microsoft.AspNetCore.Mvc.Infrastructure.ControllerActionInvoker.<InvokeInnerFilterAsync>g__Awaited|13_0(ControllerActionInvoker invoker, Task lastTask, State next, Scope scope, Object state, Boolean isCompleted)
   at Microsoft.AspNetCore.Mvc.Infrastructure.ResourceInvoker.<InvokeFilterPipelineAsync>g__Awaited|20_0(ResourceInvoker invoker, Task lastTask, State next, Scope scope, Object state, Boolean isCompleted)
   at Microsoft.AspNetCore.Mvc.Infrastructure.ResourceInvoker.<InvokeAsync>g__Awaited|17_0(ResourceInvoker invoker, Task task, IDisposable scope)
   at Microsoft.AspNetCore.Mvc.Infrastructure.ResourceInvoker.<InvokeAsync>g__Awaited|17_0(ResourceInvoker invoker, Task task, IDisposable scope)
   at Microsoft.AspNetCore.Authorization.AuthorizationMiddleware.Invoke(HttpContext context)
   at Microsoft.AspNetCore.Authentication.AuthenticationMiddleware.Invoke(HttpContext context)
   at Serilog.AspNetCore.RequestLoggingMiddleware.Invoke(HttpContext httpContext)
2026-05-04 11:56:12.895 +07:00 [WRN] AppException [401]: Email hoặc mật khẩu không đúng.
2026-05-04 11:56:18.289 +07:00 [INF] HTTP OPTIONS /api/auth/login responded 204 in 0.5453 ms
2026-05-04 11:56:18.304 +07:00 [INF] POST /api/auth/login — Email: Test12@example.com
2026-05-04 11:56:18.645 +07:00 [INF] User 'Test12' logged in.
2026-05-04 11:56:18.666 +07:00 [INF] HTTP POST /api/auth/login responded 200 in 373.1846 ms
2026-05-04 11:56:18.670 +07:00 [INF] HTTP OPTIONS /api/session/runtime-id responded 204 in 0.0715 ms
2026-05-04 11:56:18.710 +07:00 [INF] HTTP OPTIONS /api/hotels/all responded 204 in 0.1244 ms
2026-05-04 11:56:18.710 +07:00 [INF] HTTP OPTIONS /api/rooms responded 204 in 0.0360 ms
2026-05-04 11:56:18.716 +07:00 [INF] HTTP GET /api/session/runtime-id responded 200 in 43.2313 ms
2026-05-04 11:56:18.834 +07:00 [INF] HTTP GET /api/hotels/all responded 200 in 118.9778 ms
2026-05-04 11:56:18.844 +07:00 [INF] HTTP GET /api/rooms responded 200 in 128.1254 ms
2026-05-04 11:56:18.873 +07:00 [INF] HTTP GET /uploads/202605/22f6ec46b1c04d48a39f93ab5db92195.jpg responded 304 in 2.7592 ms
2026-05-04 11:56:20.688 +07:00 [INF] HTTP GET /api/session/runtime-id responded 200 in 1.8339 ms
2026-05-04 11:56:20.721 +07:00 [INF] HTTP GET /api/hotels/all responded 200 in 11.9450 ms
2026-05-04 11:56:20.722 +07:00 [INF] HTTP GET /api/rooms responded 200 in 11.9854 ms
2026-05-04 12:17:23.837 +07:00 [WRN] The query uses the 'First'/'FirstOrDefault' operator without 'OrderBy' and filter operators. This may lead to unpredictable results.
2026-05-04 12:17:36.687 +07:00 [WRN] Failed to determine the https port for redirect.
2026-05-04 12:17:36.693 +07:00 [INF] HTTP OPTIONS /api/auth/login responded 204 in 2.5322 ms
2026-05-04 12:17:36.900 +07:00 [INF] POST /api/auth/login — Email: Test12@example.com
2026-05-04 12:17:37.224 +07:00 [INF] User 'Test12' logged in.
2026-05-04 12:17:37.255 +07:00 [INF] HTTP POST /api/auth/login responded 200 in 549.7545 ms
2026-05-04 12:17:37.262 +07:00 [INF] HTTP OPTIONS /api/session/runtime-id responded 204 in 0.7113 ms
2026-05-04 12:17:37.311 +07:00 [INF] HTTP OPTIONS /api/hotels/all responded 204 in 0.1293 ms
2026-05-04 12:17:37.313 +07:00 [INF] HTTP OPTIONS /api/rooms responded 204 in 0.5401 ms
2026-05-04 12:17:37.324 +07:00 [INF] HTTP GET /api/session/runtime-id responded 200 in 58.8362 ms
2026-05-04 12:17:37.502 +07:00 [INF] HTTP GET /api/hotels/all responded 200 in 178.9721 ms
2026-05-04 12:17:37.509 +07:00 [INF] HTTP GET /api/rooms responded 200 in 179.3303 ms
2026-05-04 12:17:37.532 +07:00 [INF] HTTP GET /uploads/202605/22f6ec46b1c04d48a39f93ab5db92195.jpg responded 304 in 3.7222 ms
2026-05-04 12:17:54.297 +07:00 [INF] HTTP OPTIONS /api/auth/login responded 204 in 0.1250 ms
2026-05-04 12:17:54.309 +07:00 [INF] POST /api/auth/login — Email: admin@hotel.com
2026-05-04 12:17:54.551 +07:00 [INF] User 'admin' logged in.
2026-05-04 12:17:54.553 +07:00 [INF] HTTP POST /api/auth/login responded 200 in 253.0670 ms
2026-05-04 12:17:54.557 +07:00 [INF] HTTP OPTIONS /api/session/runtime-id responded 204 in 0.0846 ms
2026-05-04 12:17:54.563 +07:00 [INF] HTTP GET /api/session/runtime-id responded 200 in 2.1827 ms
2026-05-04 12:17:54.640 +07:00 [INF] HTTP OPTIONS /api/rooms responded 204 in 0.0827 ms
2026-05-04 12:17:54.657 +07:00 [INF] HTTP GET /api/rooms responded 200 in 13.3669 ms
2026-05-04 12:17:54.699 +07:00 [INF] HTTP OPTIONS /hubs/room/negotiate responded 204 in 0.3693 ms
2026-05-04 12:17:54.699 +07:00 [INF] HTTP OPTIONS /hubs/room/negotiate responded 204 in 0.0646 ms
2026-05-04 12:17:54.711 +07:00 [INF] HTTP POST /hubs/room/negotiate responded 200 in 9.9338 ms
2026-05-04 12:17:54.711 +07:00 [INF] HTTP POST /hubs/room/negotiate responded 200 in 8.0516 ms
2026-05-04 12:17:54.832 +07:00 [INF] SignalR Connected: UserId=1, Role=, ConnId=gG7SNnBZRiWcI0ESJUIw8Q
2026-05-04 12:17:54.835 +07:00 [INF] SignalR Connected: UserId=1, Role=, ConnId=TGpg7NOBMvSJHOeRBQgo6w
2026-05-04 12:18:01.562 +07:00 [INF] HTTP OPTIONS /api/hotels/all responded 204 in 0.1397 ms
2026-05-04 12:18:01.562 +07:00 [INF] HTTP OPTIONS /api/room-types/hotel/2 responded 204 in 0.0360 ms
2026-05-04 12:18:01.576 +07:00 [INF] HTTP GET /api/hotels/all responded 200 in 11.5437 ms
2026-05-04 12:18:01.603 +07:00 [INF] HTTP GET /api/room-types/hotel/2 responded 200 in 36.3953 ms
2026-05-04 12:18:06.502 +07:00 [INF] HTTP OPTIONS /api/uploads/image responded 204 in 0.1030 ms
2026-05-04 12:18:06.527 +07:00 [INF] HTTP POST /api/uploads/image responded 200 in 21.6943 ms
2026-05-04 12:18:06.543 +07:00 [INF] HTTP GET /uploads/202605/d8168b4154074accb65e74b0ec467516.jpg responded 200 in 5.3506 ms
2026-05-04 12:18:08.323 +07:00 [INF] HTTP OPTIONS /api/rooms/6 responded 204 in 0.0828 ms
2026-05-04 12:18:08.406 +07:00 [INF] HTTP PUT /api/rooms/6 responded 200 in 78.9810 ms
2026-05-04 12:18:08.491 +07:00 [INF] HTTP OPTIONS /api/rooms responded 204 in 0.0562 ms
2026-05-04 12:18:08.505 +07:00 [INF] HTTP GET /api/rooms responded 200 in 10.7579 ms
2026-05-04 12:18:13.921 +07:00 [INF] HTTP OPTIONS /api/rooms responded 204 in 0.1107 ms
2026-05-04 12:18:13.941 +07:00 [INF] HTTP GET /api/rooms responded 200 in 13.1043 ms
2026-05-04 12:18:17.839 +07:00 [INF] HTTP OPTIONS /api/hotels/all responded 204 in 0.1002 ms
2026-05-04 12:18:17.859 +07:00 [INF] HTTP GET /api/hotels/all responded 200 in 14.9200 ms
2026-05-04 12:18:17.865 +07:00 [INF] HTTP OPTIONS /api/rooms responded 204 in 0.0654 ms
2026-05-04 12:18:17.891 +07:00 [INF] HTTP GET /api/rooms responded 200 in 22.4034 ms
2026-05-04 12:18:20.001 +07:00 [INF] HTTP OPTIONS /api/rooms responded 204 in 0.0718 ms
2026-05-04 12:18:20.015 +07:00 [INF] HTTP GET /api/rooms responded 200 in 10.6389 ms
2026-05-04 12:18:24.057 +07:00 [INF] HTTP OPTIONS /api/session/runtime-id responded 204 in 0.0675 ms
2026-05-04 12:18:24.065 +07:00 [INF] HTTP GET /api/session/runtime-id responded 200 in 0.6404 ms
2026-05-04 12:18:24.106 +07:00 [INF] HTTP OPTIONS /api/hotels/all responded 204 in 0.0790 ms
2026-05-04 12:18:24.125 +07:00 [INF] HTTP GET /api/hotels/all responded 200 in 14.7654 ms
2026-05-04 12:18:24.139 +07:00 [INF] HTTP OPTIONS /api/rooms responded 204 in 0.0687 ms
2026-05-04 12:18:24.161 +07:00 [INF] HTTP GET /api/rooms responded 200 in 13.6968 ms
2026-05-04 12:18:28.324 +07:00 [INF] HTTP OPTIONS /api/rooms responded 204 in 0.0451 ms
2026-05-04 12:18:28.336 +07:00 [INF] HTTP GET /api/rooms responded 200 in 8.7113 ms
2026-05-04 12:18:29.882 +07:00 [INF] HTTP GET /api/rooms responded 200 in 9.0780 ms
2026-05-04 12:18:41.941 +07:00 [INF] SignalR Disconnected: ConnId=TGpg7NOBMvSJHOeRBQgo6w
2026-05-04 12:18:41.941 +07:00 [INF] SignalR Disconnected: ConnId=gG7SNnBZRiWcI0ESJUIw8Q
2026-05-04 12:18:41.943 +07:00 [INF] HTTP GET /hubs/room responded 101 in 47111.2529 ms
2026-05-04 12:18:41.943 +07:00 [INF] HTTP GET /hubs/room responded 101 in 47130.4926 ms
2026-05-04 12:18:42.040 +07:00 [INF] HTTP OPTIONS /api/session/runtime-id responded 204 in 0.0412 ms
2026-05-04 12:18:42.043 +07:00 [INF] HTTP GET /api/session/runtime-id responded 200 in 0.3787 ms
2026-05-04 12:18:42.168 +07:00 [INF] HTTP OPTIONS /api/rooms responded 204 in 0.0838 ms
2026-05-04 12:18:42.191 +07:00 [INF] HTTP GET /api/rooms responded 200 in 14.8252 ms
2026-05-04 12:18:42.317 +07:00 [INF] HTTP OPTIONS /hubs/room/negotiate responded 204 in 0.0637 ms
2026-05-04 12:18:42.332 +07:00 [INF] HTTP OPTIONS /hubs/room/negotiate responded 204 in 0.1156 ms
2026-05-04 12:18:42.352 +07:00 [INF] HTTP POST /hubs/room/negotiate responded 200 in 1.1007 ms
2026-05-04 12:18:42.354 +07:00 [INF] HTTP POST /hubs/room/negotiate responded 200 in 0.7590 ms
2026-05-04 12:18:42.449 +07:00 [INF] SignalR Connected: UserId=1, Role=, ConnId=Zn_736qVkjcwTd92E0tbzg
2026-05-04 12:18:42.466 +07:00 [INF] SignalR Connected: UserId=1, Role=, ConnId=FBU7WfLMCKzpNqLCfq2o6Q
2026-05-04 12:18:55.151 +07:00 [INF] HTTP OPTIONS /api/hotels/all responded 204 in 0.0412 ms
2026-05-04 12:18:55.163 +07:00 [INF] HTTP GET /api/hotels/all responded 200 in 9.3373 ms
2026-05-04 12:18:57.725 +07:00 [INF] HTTP OPTIONS /api/room-types/hotel/2 responded 204 in 0.0795 ms
2026-05-04 12:18:57.739 +07:00 [INF] HTTP GET /api/room-types/hotel/2 responded 200 in 10.1215 ms
2026-05-04 12:19:06.897 +07:00 [INF] HTTP OPTIONS /api/uploads/image responded 204 in 0.0916 ms
2026-05-04 12:19:06.903 +07:00 [INF] HTTP POST /api/uploads/image responded 200 in 2.7721 ms
2026-05-04 12:19:06.915 +07:00 [INF] HTTP GET /uploads/202605/ca1728903a5349f4af0de22c5bfcbdd1.jpg responded 200 in 0.6215 ms
2026-05-04 12:19:08.512 +07:00 [INF] HTTP OPTIONS /api/rooms responded 204 in 0.0554 ms
2026-05-04 12:19:08.573 +07:00 [ERR] Failed executing DbCommand (4ms) [Parameters=[@p0='?' (DbType = DateTime), @p1='?' (DbType = Int32), @p2='?' (DbType = Int64), @p3='?' (DbType = Boolean), @p4='?' (Size = 4000), @p5='?' (Size = 20), @p6='?' (DbType = Int64), @p7='?' (Size = 30), @p8='?' (Size = 500), @p9='?' (DbType = DateTime)], CommandType='"Text"', CommandTimeout='30']
INSERT INTO `rooms` (`created_at`, `floor`, `hotel_id`, `is_active`, `notes`, `room_number`, `room_type_id`, `status`, `thumbnail_url`, `updated_at`)
VALUES (@p0, @p1, @p2, @p3, @p4, @p5, @p6, @p7, @p8, @p9);
SELECT `room_id`
FROM `rooms`
WHERE ROW_COUNT() = 1 AND `room_id` = LAST_INSERT_ID();
2026-05-04 12:19:08.601 +07:00 [ERR] An exception occurred in the database while saving changes for context type 'HotelManagement.Data.HotelDbContext'.
Microsoft.EntityFrameworkCore.DbUpdateException: An error occurred while saving the entity changes. See the inner exception for details.
 ---> MySqlConnector.MySqlException (0x80004005): Duplicate entry '2-HN101' for key 'rooms.IX_rooms_hotel_id_room_number'
   at MySqlConnector.Core.ServerSession.ReceiveReplyAsync(IOBehavior ioBehavior, CancellationToken cancellationToken) in /_/src/MySqlConnector/Core/ServerSession.cs:line 1081
   at MySqlConnector.Core.ResultSet.ReadResultSetHeaderAsync(IOBehavior ioBehavior) in /_/src/MySqlConnector/Core/ResultSet.cs:line 37
   at MySqlConnector.MySqlDataReader.ActivateResultSet(CancellationToken cancellationToken) in /_/src/MySqlConnector/MySqlDataReader.cs:line 131
   at MySqlConnector.MySqlDataReader.InitAsync(CommandListPosition commandListPosition, ICommandPayloadCreator payloadCreator, IDictionary`2 cachedProcedures, IMySqlCommand command, CommandBehavior behavior, Activity activity, IOBehavior ioBehavior, CancellationToken cancellationToken) in /_/src/MySqlConnector/MySqlDataReader.cs:line 487
   at MySqlConnector.Core.CommandExecutor.ExecuteReaderAsync(CommandListPosition commandListPosition, ICommandPayloadCreator payloadCreator, CommandBehavior behavior, Activity activity, IOBehavior ioBehavior, CancellationToken cancellationToken) in /_/src/MySqlConnector/Core/CommandExecutor.cs:line 56
   at MySqlConnector.MySqlCommand.ExecuteReaderAsync(CommandBehavior behavior, IOBehavior ioBehavior, CancellationToken cancellationToken) in /_/src/MySqlConnector/MySqlCommand.cs:line 357
   at MySqlConnector.MySqlCommand.ExecuteDbDataReaderAsync(CommandBehavior behavior, CancellationToken cancellationToken) in /_/src/MySqlConnector/MySqlCommand.cs:line 350
   at Microsoft.EntityFrameworkCore.Storage.RelationalCommand.ExecuteReaderAsync(RelationalCommandParameterObject parameterObject, CancellationToken cancellationToken)
   at Microsoft.EntityFrameworkCore.Storage.RelationalCommand.ExecuteReaderAsync(RelationalCommandParameterObject parameterObject, CancellationToken cancellationToken)
   at Microsoft.EntityFrameworkCore.Update.ReaderModificationCommandBatch.ExecuteAsync(IRelationalConnection connection, CancellationToken cancellationToken)
   --- End of inner exception stack trace ---
   at Microsoft.EntityFrameworkCore.Update.ReaderModificationCommandBatch.ExecuteAsync(IRelationalConnection connection, CancellationToken cancellationToken)
   at Microsoft.EntityFrameworkCore.Update.Internal.BatchExecutor.ExecuteAsync(IEnumerable`1 commandBatches, IRelationalConnection connection, CancellationToken cancellationToken)
   at Microsoft.EntityFrameworkCore.Update.Internal.BatchExecutor.ExecuteAsync(IEnumerable`1 commandBatches, IRelationalConnection connection, CancellationToken cancellationToken)
   at Microsoft.EntityFrameworkCore.Update.Internal.BatchExecutor.ExecuteAsync(IEnumerable`1 commandBatches, IRelationalConnection connection, CancellationToken cancellationToken)
   at Microsoft.EntityFrameworkCore.Storage.RelationalDatabase.SaveChangesAsync(IList`1 entries, CancellationToken cancellationToken)
   at Microsoft.EntityFrameworkCore.ChangeTracking.Internal.StateManager.SaveChangesAsync(IList`1 entriesToSave, CancellationToken cancellationToken)
   at Microsoft.EntityFrameworkCore.ChangeTracking.Internal.StateManager.SaveChangesAsync(StateManager stateManager, Boolean acceptAllChangesOnSuccess, CancellationToken cancellationToken)
   at Microsoft.EntityFrameworkCore.Storage.ExecutionStrategy.<>c__DisplayClass30_0`2.<<ExecuteAsync>b__0>d.MoveNext()
--- End of stack trace from previous location ---
   at Microsoft.EntityFrameworkCore.Storage.ExecutionStrategy.ExecuteImplementationAsync[TState,TResult](Func`4 operation, Func`4 verifySucceeded, TState state, CancellationToken cancellationToken)
   at Microsoft.EntityFrameworkCore.Storage.ExecutionStrategy.ExecuteImplementationAsync[TState,TResult](Func`4 operation, Func`4 verifySucceeded, TState state, CancellationToken cancellationToken)
   at Microsoft.EntityFrameworkCore.Storage.ExecutionStrategy.ExecuteAsync[TState,TResult](TState state, Func`4 operation, Func`4 verifySucceeded, CancellationToken cancellationToken)
   at Microsoft.EntityFrameworkCore.DbContext.SaveChangesAsync(Boolean acceptAllChangesOnSuccess, CancellationToken cancellationToken)
Microsoft.EntityFrameworkCore.DbUpdateException: An error occurred while saving the entity changes. See the inner exception for details.
 ---> MySqlConnector.MySqlException (0x80004005): Duplicate entry '2-HN101' for key 'rooms.IX_rooms_hotel_id_room_number'
   at MySqlConnector.Core.ServerSession.ReceiveReplyAsync(IOBehavior ioBehavior, CancellationToken cancellationToken) in /_/src/MySqlConnector/Core/ServerSession.cs:line 1081
   at MySqlConnector.Core.ResultSet.ReadResultSetHeaderAsync(IOBehavior ioBehavior) in /_/src/MySqlConnector/Core/ResultSet.cs:line 37
   at MySqlConnector.MySqlDataReader.ActivateResultSet(CancellationToken cancellationToken) in /_/src/MySqlConnector/MySqlDataReader.cs:line 131
   at MySqlConnector.MySqlDataReader.InitAsync(CommandListPosition commandListPosition, ICommandPayloadCreator payloadCreator, IDictionary`2 cachedProcedures, IMySqlCommand command, CommandBehavior behavior, Activity activity, IOBehavior ioBehavior, CancellationToken cancellationToken) in /_/src/MySqlConnector/MySqlDataReader.cs:line 487
   at MySqlConnector.Core.CommandExecutor.ExecuteReaderAsync(CommandListPosition commandListPosition, ICommandPayloadCreator payloadCreator, CommandBehavior behavior, Activity activity, IOBehavior ioBehavior, CancellationToken cancellationToken) in /_/src/MySqlConnector/Core/CommandExecutor.cs:line 56
   at MySqlConnector.MySqlCommand.ExecuteReaderAsync(CommandBehavior behavior, IOBehavior ioBehavior, CancellationToken cancellationToken) in /_/src/MySqlConnector/MySqlCommand.cs:line 357
   at MySqlConnector.MySqlCommand.ExecuteDbDataReaderAsync(CommandBehavior behavior, CancellationToken cancellationToken) in /_/src/MySqlConnector/MySqlCommand.cs:line 350
   at Microsoft.EntityFrameworkCore.Storage.RelationalCommand.ExecuteReaderAsync(RelationalCommandParameterObject parameterObject, CancellationToken cancellationToken)
   at Microsoft.EntityFrameworkCore.Storage.RelationalCommand.ExecuteReaderAsync(RelationalCommandParameterObject parameterObject, CancellationToken cancellationToken)
   at Microsoft.EntityFrameworkCore.Update.ReaderModificationCommandBatch.ExecuteAsync(IRelationalConnection connection, CancellationToken cancellationToken)
   --- End of inner exception stack trace ---
   at Microsoft.EntityFrameworkCore.Update.ReaderModificationCommandBatch.ExecuteAsync(IRelationalConnection connection, CancellationToken cancellationToken)
   at Microsoft.EntityFrameworkCore.Update.Internal.BatchExecutor.ExecuteAsync(IEnumerable`1 commandBatches, IRelationalConnection connection, CancellationToken cancellationToken)
   at Microsoft.EntityFrameworkCore.Update.Internal.BatchExecutor.ExecuteAsync(IEnumerable`1 commandBatches, IRelationalConnection connection, CancellationToken cancellationToken)
   at Microsoft.EntityFrameworkCore.Update.Internal.BatchExecutor.ExecuteAsync(IEnumerable`1 commandBatches, IRelationalConnection connection, CancellationToken cancellationToken)
   at Microsoft.EntityFrameworkCore.Storage.RelationalDatabase.SaveChangesAsync(IList`1 entries, CancellationToken cancellationToken)
   at Microsoft.EntityFrameworkCore.ChangeTracking.Internal.StateManager.SaveChangesAsync(IList`1 entriesToSave, CancellationToken cancellationToken)
   at Microsoft.EntityFrameworkCore.ChangeTracking.Internal.StateManager.SaveChangesAsync(StateManager stateManager, Boolean acceptAllChangesOnSuccess, CancellationToken cancellationToken)
   at Microsoft.EntityFrameworkCore.Storage.ExecutionStrategy.<>c__DisplayClass30_0`2.<<ExecuteAsync>b__0>d.MoveNext()
--- End of stack trace from previous location ---
   at Microsoft.EntityFrameworkCore.Storage.ExecutionStrategy.ExecuteImplementationAsync[TState,TResult](Func`4 operation, Func`4 verifySucceeded, TState state, CancellationToken cancellationToken)
   at Microsoft.EntityFrameworkCore.Storage.ExecutionStrategy.ExecuteImplementationAsync[TState,TResult](Func`4 operation, Func`4 verifySucceeded, TState state, CancellationToken cancellationToken)
   at Microsoft.EntityFrameworkCore.Storage.ExecutionStrategy.ExecuteAsync[TState,TResult](TState state, Func`4 operation, Func`4 verifySucceeded, CancellationToken cancellationToken)
   at Microsoft.EntityFrameworkCore.DbContext.SaveChangesAsync(Boolean acceptAllChangesOnSuccess, CancellationToken cancellationToken)
2026-05-04 12:19:08.609 +07:00 [ERR] HTTP POST /api/rooms responded 500 in 93.6806 ms
Microsoft.EntityFrameworkCore.DbUpdateException: An error occurred while saving the entity changes. See the inner exception for details.
 ---> MySqlConnector.MySqlException (0x80004005): Duplicate entry '2-HN101' for key 'rooms.IX_rooms_hotel_id_room_number'
   at MySqlConnector.Core.ServerSession.ReceiveReplyAsync(IOBehavior ioBehavior, CancellationToken cancellationToken) in /_/src/MySqlConnector/Core/ServerSession.cs:line 1081
   at MySqlConnector.Core.ResultSet.ReadResultSetHeaderAsync(IOBehavior ioBehavior) in /_/src/MySqlConnector/Core/ResultSet.cs:line 37
   at MySqlConnector.MySqlDataReader.ActivateResultSet(CancellationToken cancellationToken) in /_/src/MySqlConnector/MySqlDataReader.cs:line 131
   at MySqlConnector.MySqlDataReader.InitAsync(CommandListPosition commandListPosition, ICommandPayloadCreator payloadCreator, IDictionary`2 cachedProcedures, IMySqlCommand command, CommandBehavior behavior, Activity activity, IOBehavior ioBehavior, CancellationToken cancellationToken) in /_/src/MySqlConnector/MySqlDataReader.cs:line 487
   at MySqlConnector.Core.CommandExecutor.ExecuteReaderAsync(CommandListPosition commandListPosition, ICommandPayloadCreator payloadCreator, CommandBehavior behavior, Activity activity, IOBehavior ioBehavior, CancellationToken cancellationToken) in /_/src/MySqlConnector/Core/CommandExecutor.cs:line 56
   at MySqlConnector.MySqlCommand.ExecuteReaderAsync(CommandBehavior behavior, IOBehavior ioBehavior, CancellationToken cancellationToken) in /_/src/MySqlConnector/MySqlCommand.cs:line 357
   at MySqlConnector.MySqlCommand.ExecuteDbDataReaderAsync(CommandBehavior behavior, CancellationToken cancellationToken) in /_/src/MySqlConnector/MySqlCommand.cs:line 350
   at Microsoft.EntityFrameworkCore.Storage.RelationalCommand.ExecuteReaderAsync(RelationalCommandParameterObject parameterObject, CancellationToken cancellationToken)
   at Microsoft.EntityFrameworkCore.Storage.RelationalCommand.ExecuteReaderAsync(RelationalCommandParameterObject parameterObject, CancellationToken cancellationToken)
   at Microsoft.EntityFrameworkCore.Update.ReaderModificationCommandBatch.ExecuteAsync(IRelationalConnection connection, CancellationToken cancellationToken)
   --- End of inner exception stack trace ---
   at Microsoft.EntityFrameworkCore.Update.ReaderModificationCommandBatch.ExecuteAsync(IRelationalConnection connection, CancellationToken cancellationToken)
   at Microsoft.EntityFrameworkCore.Update.Internal.BatchExecutor.ExecuteAsync(IEnumerable`1 commandBatches, IRelationalConnection connection, CancellationToken cancellationToken)
   at Microsoft.EntityFrameworkCore.Update.Internal.BatchExecutor.ExecuteAsync(IEnumerable`1 commandBatches, IRelationalConnection connection, CancellationToken cancellationToken)
   at Microsoft.EntityFrameworkCore.Update.Internal.BatchExecutor.ExecuteAsync(IEnumerable`1 commandBatches, IRelationalConnection connection, CancellationToken cancellationToken)
   at Microsoft.EntityFrameworkCore.Storage.RelationalDatabase.SaveChangesAsync(IList`1 entries, CancellationToken cancellationToken)
   at Microsoft.EntityFrameworkCore.ChangeTracking.Internal.StateManager.SaveChangesAsync(IList`1 entriesToSave, CancellationToken cancellationToken)
   at Microsoft.EntityFrameworkCore.ChangeTracking.Internal.StateManager.SaveChangesAsync(StateManager stateManager, Boolean acceptAllChangesOnSuccess, CancellationToken cancellationToken)
   at Microsoft.EntityFrameworkCore.Storage.ExecutionStrategy.<>c__DisplayClass30_0`2.<<ExecuteAsync>b__0>d.MoveNext()
--- End of stack trace from previous location ---
   at Microsoft.EntityFrameworkCore.Storage.ExecutionStrategy.ExecuteImplementationAsync[TState,TResult](Func`4 operation, Func`4 verifySucceeded, TState state, CancellationToken cancellationToken)
   at Microsoft.EntityFrameworkCore.Storage.ExecutionStrategy.ExecuteImplementationAsync[TState,TResult](Func`4 operation, Func`4 verifySucceeded, TState state, CancellationToken cancellationToken)
   at Microsoft.EntityFrameworkCore.Storage.ExecutionStrategy.ExecuteAsync[TState,TResult](TState state, Func`4 operation, Func`4 verifySucceeded, CancellationToken cancellationToken)
   at Microsoft.EntityFrameworkCore.DbContext.SaveChangesAsync(Boolean acceptAllChangesOnSuccess, CancellationToken cancellationToken)
   at Microsoft.EntityFrameworkCore.DbContext.SaveChangesAsync(Boolean acceptAllChangesOnSuccess, CancellationToken cancellationToken)
   at HotelManagement.Controllers.RoomsController.Create(CreateRoomDto dto) in C:\Users\MSI\source\Do_An_2\Backend\Controllers\RoomsController.cs:line 114
   at Microsoft.AspNetCore.Mvc.Infrastructure.ActionMethodExecutor.TaskOfIActionResultExecutor.Execute(ActionContext actionContext, IActionResultTypeMapper mapper, ObjectMethodExecutor executor, Object controller, Object[] arguments)
   at Microsoft.AspNetCore.Mvc.Infrastructure.ControllerActionInvoker.<InvokeActionMethodAsync>g__Awaited|12_0(ControllerActionInvoker invoker, ValueTask`1 actionResultValueTask)
   at Microsoft.AspNetCore.Mvc.Infrastructure.ControllerActionInvoker.<InvokeNextActionFilterAsync>g__Awaited|10_0(ControllerActionInvoker invoker, Task lastTask, State next, Scope scope, Object state, Boolean isCompleted)
   at Microsoft.AspNetCore.Mvc.Infrastructure.ControllerActionInvoker.Rethrow(ActionExecutedContextSealed context)
   at Microsoft.AspNetCore.Mvc.Infrastructure.ControllerActionInvoker.Next(State& next, Scope& scope, Object& state, Boolean& isCompleted)
   at Microsoft.AspNetCore.Mvc.Infrastructure.ControllerActionInvoker.<InvokeInnerFilterAsync>g__Awaited|13_0(ControllerActionInvoker invoker, Task lastTask, State next, Scope scope, Object state, Boolean isCompleted)
   at Microsoft.AspNetCore.Mvc.Infrastructure.ResourceInvoker.<InvokeFilterPipelineAsync>g__Awaited|20_0(ResourceInvoker invoker, Task lastTask, State next, Scope scope, Object state, Boolean isCompleted)
   at Microsoft.AspNetCore.Mvc.Infrastructure.ResourceInvoker.<InvokeAsync>g__Awaited|17_0(ResourceInvoker invoker, Task task, IDisposable scope)
   at Microsoft.AspNetCore.Mvc.Infrastructure.ResourceInvoker.<InvokeAsync>g__Awaited|17_0(ResourceInvoker invoker, Task task, IDisposable scope)
   at Microsoft.AspNetCore.Authorization.AuthorizationMiddleware.Invoke(HttpContext context)
   at Microsoft.AspNetCore.Authentication.AuthenticationMiddleware.Invoke(HttpContext context)
   at Serilog.AspNetCore.RequestLoggingMiddleware.Invoke(HttpContext httpContext)
2026-05-04 12:19:08.632 +07:00 [ERR] Unhandled exception: An error occurred while saving the entity changes. See the inner exception for details.
Microsoft.EntityFrameworkCore.DbUpdateException: An error occurred while saving the entity changes. See the inner exception for details.
 ---> MySqlConnector.MySqlException (0x80004005): Duplicate entry '2-HN101' for key 'rooms.IX_rooms_hotel_id_room_number'
   at MySqlConnector.Core.ServerSession.ReceiveReplyAsync(IOBehavior ioBehavior, CancellationToken cancellationToken) in /_/src/MySqlConnector/Core/ServerSession.cs:line 1081
   at MySqlConnector.Core.ResultSet.ReadResultSetHeaderAsync(IOBehavior ioBehavior) in /_/src/MySqlConnector/Core/ResultSet.cs:line 37
   at MySqlConnector.MySqlDataReader.ActivateResultSet(CancellationToken cancellationToken) in /_/src/MySqlConnector/MySqlDataReader.cs:line 131
   at MySqlConnector.MySqlDataReader.InitAsync(CommandListPosition commandListPosition, ICommandPayloadCreator payloadCreator, IDictionary`2 cachedProcedures, IMySqlCommand command, CommandBehavior behavior, Activity activity, IOBehavior ioBehavior, CancellationToken cancellationToken) in /_/src/MySqlConnector/MySqlDataReader.cs:line 487
   at MySqlConnector.Core.CommandExecutor.ExecuteReaderAsync(CommandListPosition commandListPosition, ICommandPayloadCreator payloadCreator, CommandBehavior behavior, Activity activity, IOBehavior ioBehavior, CancellationToken cancellationToken) in /_/src/MySqlConnector/Core/CommandExecutor.cs:line 56
   at MySqlConnector.MySqlCommand.ExecuteReaderAsync(CommandBehavior behavior, IOBehavior ioBehavior, CancellationToken cancellationToken) in /_/src/MySqlConnector/MySqlCommand.cs:line 357
   at MySqlConnector.MySqlCommand.ExecuteDbDataReaderAsync(CommandBehavior behavior, CancellationToken cancellationToken) in /_/src/MySqlConnector/MySqlCommand.cs:line 350
   at Microsoft.EntityFrameworkCore.Storage.RelationalCommand.ExecuteReaderAsync(RelationalCommandParameterObject parameterObject, CancellationToken cancellationToken)
   at Microsoft.EntityFrameworkCore.Storage.RelationalCommand.ExecuteReaderAsync(RelationalCommandParameterObject parameterObject, CancellationToken cancellationToken)
   at Microsoft.EntityFrameworkCore.Update.ReaderModificationCommandBatch.ExecuteAsync(IRelationalConnection connection, CancellationToken cancellationToken)
   --- End of inner exception stack trace ---
   at Microsoft.EntityFrameworkCore.Update.ReaderModificationCommandBatch.ExecuteAsync(IRelationalConnection connection, CancellationToken cancellationToken)
   at Microsoft.EntityFrameworkCore.Update.Internal.BatchExecutor.ExecuteAsync(IEnumerable`1 commandBatches, IRelationalConnection connection, CancellationToken cancellationToken)
   at Microsoft.EntityFrameworkCore.Update.Internal.BatchExecutor.ExecuteAsync(IEnumerable`1 commandBatches, IRelationalConnection connection, CancellationToken cancellationToken)
   at Microsoft.EntityFrameworkCore.Update.Internal.BatchExecutor.ExecuteAsync(IEnumerable`1 commandBatches, IRelationalConnection connection, CancellationToken cancellationToken)
   at Microsoft.EntityFrameworkCore.Storage.RelationalDatabase.SaveChangesAsync(IList`1 entries, CancellationToken cancellationToken)
   at Microsoft.EntityFrameworkCore.ChangeTracking.Internal.StateManager.SaveChangesAsync(IList`1 entriesToSave, CancellationToken cancellationToken)
   at Microsoft.EntityFrameworkCore.ChangeTracking.Internal.StateManager.SaveChangesAsync(StateManager stateManager, Boolean acceptAllChangesOnSuccess, CancellationToken cancellationToken)
   at Microsoft.EntityFrameworkCore.Storage.ExecutionStrategy.<>c__DisplayClass30_0`2.<<ExecuteAsync>b__0>d.MoveNext()
--- End of stack trace from previous location ---
   at Microsoft.EntityFrameworkCore.Storage.ExecutionStrategy.ExecuteImplementationAsync[TState,TResult](Func`4 operation, Func`4 verifySucceeded, TState state, CancellationToken cancellationToken)
   at Microsoft.EntityFrameworkCore.Storage.ExecutionStrategy.ExecuteImplementationAsync[TState,TResult](Func`4 operation, Func`4 verifySucceeded, TState state, CancellationToken cancellationToken)
   at Microsoft.EntityFrameworkCore.Storage.ExecutionStrategy.ExecuteAsync[TState,TResult](TState state, Func`4 operation, Func`4 verifySucceeded, CancellationToken cancellationToken)
   at Microsoft.EntityFrameworkCore.DbContext.SaveChangesAsync(Boolean acceptAllChangesOnSuccess, CancellationToken cancellationToken)
   at Microsoft.EntityFrameworkCore.DbContext.SaveChangesAsync(Boolean acceptAllChangesOnSuccess, CancellationToken cancellationToken)
   at HotelManagement.Controllers.RoomsController.Create(CreateRoomDto dto) in C:\Users\MSI\source\Do_An_2\Backend\Controllers\RoomsController.cs:line 114
   at Microsoft.AspNetCore.Mvc.Infrastructure.ActionMethodExecutor.TaskOfIActionResultExecutor.Execute(ActionContext actionContext, IActionResultTypeMapper mapper, ObjectMethodExecutor executor, Object controller, Object[] arguments)
   at Microsoft.AspNetCore.Mvc.Infrastructure.ControllerActionInvoker.<InvokeActionMethodAsync>g__Awaited|12_0(ControllerActionInvoker invoker, ValueTask`1 actionResultValueTask)
   at Microsoft.AspNetCore.Mvc.Infrastructure.ControllerActionInvoker.<InvokeNextActionFilterAsync>g__Awaited|10_0(ControllerActionInvoker invoker, Task lastTask, State next, Scope scope, Object state, Boolean isCompleted)
   at Microsoft.AspNetCore.Mvc.Infrastructure.ControllerActionInvoker.Rethrow(ActionExecutedContextSealed context)
   at Microsoft.AspNetCore.Mvc.Infrastructure.ControllerActionInvoker.Next(State& next, Scope& scope, Object& state, Boolean& isCompleted)
   at Microsoft.AspNetCore.Mvc.Infrastructure.ControllerActionInvoker.<InvokeInnerFilterAsync>g__Awaited|13_0(ControllerActionInvoker invoker, Task lastTask, State next, Scope scope, Object state, Boolean isCompleted)
   at Microsoft.AspNetCore.Mvc.Infrastructure.ResourceInvoker.<InvokeFilterPipelineAsync>g__Awaited|20_0(ResourceInvoker invoker, Task lastTask, State next, Scope scope, Object state, Boolean isCompleted)
   at Microsoft.AspNetCore.Mvc.Infrastructure.ResourceInvoker.<InvokeAsync>g__Awaited|17_0(ResourceInvoker invoker, Task task, IDisposable scope)
   at Microsoft.AspNetCore.Mvc.Infrastructure.ResourceInvoker.<InvokeAsync>g__Awaited|17_0(ResourceInvoker invoker, Task task, IDisposable scope)
   at Microsoft.AspNetCore.Authorization.AuthorizationMiddleware.Invoke(HttpContext context)
   at Microsoft.AspNetCore.Authentication.AuthenticationMiddleware.Invoke(HttpContext context)
   at Serilog.AspNetCore.RequestLoggingMiddleware.Invoke(HttpContext httpContext)
   at HotelManagement.Middleware.GlobalExceptionMiddleware.InvokeAsync(HttpContext context) in C:\Users\MSI\source\Do_An_2\Backend\Middleware\GlobalExceptionMiddleware.cs:line 26
2026-05-04 12:20:14.893 +07:00 [INF] HTTP OPTIONS /api/rooms responded 204 in 0.1858 ms
2026-05-04 12:20:14.912 +07:00 [INF] HTTP GET /api/rooms responded 200 in 13.7714 ms
2026-05-04 12:20:17.354 +07:00 [INF] HTTP OPTIONS /api/bookings/available-rooms responded 204 in 0.0397 ms
2026-05-04 12:20:17.398 +07:00 [INF] GET /api/bookings/available-rooms — CheckIn: "2026-05-05T00:00:00.0000000", CheckOut: "2026-05-06T00:00:00.0000000"
2026-05-04 12:20:17.446 +07:00 [INF] HTTP GET /api/bookings/available-rooms responded 200 in 87.7954 ms
2026-05-04 12:20:21.379 +07:00 [INF] HTTP OPTIONS /api/rooms/2 responded 204 in 0.0317 ms
2026-05-04 12:20:21.422 +07:00 [INF] HTTP GET /api/rooms/2 responded 200 in 39.4641 ms
2026-05-04 12:20:24.517 +07:00 [INF] HTTP OPTIONS /api/rooms responded 204 in 0.0305 ms
2026-05-04 12:20:24.532 +07:00 [INF] HTTP GET /api/rooms responded 200 in 11.0761 ms
2026-05-04 12:20:39.139 +07:00 [INF] HTTP OPTIONS /api/hotels/all responded 204 in 0.0446 ms
2026-05-04 12:20:39.154 +07:00 [INF] HTTP GET /api/hotels/all responded 200 in 9.8909 ms
2026-05-04 12:20:39.158 +07:00 [INF] HTTP OPTIONS /api/rooms responded 204 in 0.0440 ms
2026-05-04 12:20:39.172 +07:00 [INF] HTTP GET /api/rooms responded 200 in 10.3276 ms
2026-05-04 12:20:41.255 +07:00 [INF] HTTP OPTIONS /api/room-types/all responded 204 in 0.0363 ms
2026-05-04 12:20:41.271 +07:00 [INF] HTTP GET /api/hotels/all responded 200 in 17.8205 ms
2026-05-04 12:20:41.313 +07:00 [INF] HTTP GET /api/room-types/all responded 200 in 53.1769 ms
2026-05-04 12:23:25.302 +07:00 [INF] HTTP OPTIONS /api/room-types responded 204 in 0.0563 ms
2026-05-04 12:23:25.370 +07:00 [INF] HTTP POST /api/room-types responded 201 in 63.9892 ms
2026-05-04 12:23:25.377 +07:00 [INF] HTTP OPTIONS /api/room-types/all responded 204 in 0.0370 ms
2026-05-04 12:23:25.389 +07:00 [INF] HTTP GET /api/room-types/all responded 200 in 8.1581 ms
2026-05-04 12:23:45.058 +07:00 [INF] SignalR Disconnected: ConnId=FBU7WfLMCKzpNqLCfq2o6Q
2026-05-04 12:23:45.058 +07:00 [INF] SignalR Disconnected: ConnId=Zn_736qVkjcwTd92E0tbzg
2026-05-04 12:23:45.059 +07:00 [INF] HTTP GET /hubs/room responded 101 in 302599.3402 ms
2026-05-04 12:23:45.060 +07:00 [INF] HTTP GET /hubs/room responded 101 in 302615.2324 ms
2026-05-04 12:43:56.602 +07:00 [WRN] The query uses the 'First'/'FirstOrDefault' operator without 'OrderBy' and filter operators. This may lead to unpredictable results.
2026-05-04 12:44:17.050 +07:00 [WRN] Failed to determine the https port for redirect.
2026-05-04 12:44:17.057 +07:00 [INF] HTTP OPTIONS /api/auth/login responded 204 in 2.9891 ms
2026-05-04 12:44:17.268 +07:00 [INF] POST /api/auth/login — Email: Test12@example.com
2026-05-04 12:44:17.596 +07:00 [INF] User 'Test12' logged in.
2026-05-04 12:44:17.628 +07:00 [INF] HTTP POST /api/auth/login responded 200 in 558.0688 ms
2026-05-04 12:44:17.635 +07:00 [INF] HTTP OPTIONS /api/session/runtime-id responded 204 in 0.5386 ms
2026-05-04 12:44:17.682 +07:00 [INF] HTTP GET /api/session/runtime-id responded 200 in 42.5711 ms
2026-05-04 12:44:17.686 +07:00 [INF] HTTP OPTIONS /api/hotels/all responded 204 in 0.1014 ms
2026-05-04 12:44:17.688 +07:00 [INF] HTTP OPTIONS /api/rooms responded 204 in 0.1354 ms
2026-05-04 12:44:17.874 +07:00 [INF] HTTP GET /api/hotels/all responded 200 in 182.9786 ms
2026-05-04 12:44:17.877 +07:00 [INF] HTTP GET /api/rooms responded 200 in 183.4418 ms
2026-05-04 12:44:24.863 +07:00 [INF] HTTP OPTIONS /api/bookings/available-rooms responded 204 in 0.1655 ms
2026-05-04 12:44:24.913 +07:00 [INF] GET /api/bookings/available-rooms — CheckIn: "2026-05-05T00:00:00.0000000", CheckOut: "2026-05-06T00:00:00.0000000"
2026-05-04 12:44:24.966 +07:00 [INF] HTTP GET /api/bookings/available-rooms responded 200 in 98.7740 ms
2026-05-04 12:44:29.683 +07:00 [INF] HTTP OPTIONS /api/rooms responded 204 in 0.2981 ms
2026-05-04 12:44:29.707 +07:00 [INF] HTTP GET /api/rooms responded 200 in 17.4775 ms
2026-05-04 12:44:36.411 +07:00 [INF] HTTP OPTIONS /api/hotels/all responded 204 in 0.1691 ms
2026-05-04 12:44:36.431 +07:00 [INF] HTTP GET /api/hotels/all responded 200 in 15.3078 ms
2026-05-04 12:44:36.439 +07:00 [INF] HTTP OPTIONS /api/rooms responded 204 in 0.0833 ms
2026-05-04 12:44:36.465 +07:00 [INF] HTTP GET /api/rooms responded 200 in 23.4315 ms
2026-05-04 12:44:39.775 +07:00 [INF] HTTP OPTIONS /api/rooms responded 204 in 0.1831 ms
2026-05-04 12:44:39.790 +07:00 [INF] HTTP GET /api/rooms responded 200 in 11.8517 ms
2026-05-04 12:44:41.309 +07:00 [INF] HTTP GET /api/rooms responded 200 in 11.2868 ms
2026-05-04 12:44:45.395 +07:00 [INF] HTTP OPTIONS /api/rooms responded 204 in 0.0703 ms
2026-05-04 12:44:45.414 +07:00 [INF] HTTP GET /api/rooms responded 200 in 11.6925 ms
2026-05-04 12:44:48.505 +07:00 [INF] HTTP OPTIONS /api/hotels/all responded 204 in 0.1132 ms
2026-05-04 12:44:48.526 +07:00 [INF] HTTP GET /api/hotels/all responded 200 in 13.6646 ms
2026-05-04 12:44:48.532 +07:00 [INF] HTTP OPTIONS /api/rooms responded 204 in 0.0575 ms
2026-05-04 12:44:48.544 +07:00 [INF] HTTP GET /api/rooms responded 200 in 9.4101 ms
2026-05-04 12:44:50.018 +07:00 [INF] HTTP GET /api/rooms responded 200 in 11.4653 ms
2026-05-04 12:44:51.027 +07:00 [INF] HTTP GET /api/rooms responded 200 in 14.6596 ms
2026-05-04 12:44:53.468 +07:00 [INF] HTTP GET /api/hotels/all responded 200 in 11.0149 ms
2026-05-04 12:44:53.483 +07:00 [INF] HTTP GET /api/rooms responded 200 in 9.4264 ms
2026-05-04 12:45:12.309 +07:00 [INF] HTTP OPTIONS /api/auth/login responded 204 in 0.0868 ms
2026-05-04 12:45:12.320 +07:00 [INF] POST /api/auth/login — Email: admin@hotel.com
2026-05-04 12:45:12.571 +07:00 [INF] User 'admin' logged in.
2026-05-04 12:45:12.572 +07:00 [INF] HTTP POST /api/auth/login responded 200 in 259.3410 ms
2026-05-04 12:45:12.576 +07:00 [INF] HTTP OPTIONS /api/session/runtime-id responded 204 in 0.0695 ms
2026-05-04 12:45:12.581 +07:00 [INF] HTTP GET /api/session/runtime-id responded 200 in 0.9987 ms
2026-05-04 12:45:12.645 +07:00 [INF] HTTP OPTIONS /api/rooms responded 204 in 0.0543 ms
2026-05-04 12:45:12.656 +07:00 [INF] HTTP GET /api/rooms responded 200 in 8.5459 ms
2026-05-04 12:45:12.695 +07:00 [INF] HTTP OPTIONS /hubs/room/negotiate responded 204 in 0.2879 ms
2026-05-04 12:45:12.695 +07:00 [INF] HTTP OPTIONS /hubs/room/negotiate responded 204 in 0.0310 ms
2026-05-04 12:45:12.705 +07:00 [INF] HTTP POST /hubs/room/negotiate responded 200 in 6.6552 ms
2026-05-04 12:45:12.705 +07:00 [INF] HTTP POST /hubs/room/negotiate responded 200 in 5.4986 ms
2026-05-04 12:45:12.783 +07:00 [INF] SignalR Connected: UserId=1, Role=, ConnId=TA4CJcES_6E8qP158m6Pww
2026-05-04 12:45:12.795 +07:00 [INF] SignalR Connected: UserId=1, Role=, ConnId=i0mV6UxsIgo_pJXJcBpn1A
2026-05-04 12:45:21.706 +07:00 [INF] HTTP OPTIONS /api/hotels/all responded 204 in 0.0559 ms
2026-05-04 12:45:21.717 +07:00 [INF] HTTP GET /api/hotels/all responded 200 in 8.6483 ms
2026-05-04 12:45:23.823 +07:00 [INF] HTTP OPTIONS /api/room-types/hotel/2 responded 204 in 0.0489 ms
2026-05-04 12:45:23.857 +07:00 [INF] HTTP GET /api/room-types/hotel/2 responded 200 in 30.4079 ms
2026-05-04 12:45:44.112 +07:00 [INF] HTTP OPTIONS /api/uploads/image responded 204 in 0.0515 ms
2026-05-04 12:45:44.135 +07:00 [INF] HTTP POST /api/uploads/image responded 200 in 20.3592 ms
2026-05-04 12:45:44.151 +07:00 [INF] HTTP GET /uploads/202605/8f0a1fb4c669485aa302c3bffda58c12.jpg responded 200 in 5.2026 ms
2026-05-04 12:45:46.226 +07:00 [INF] HTTP OPTIONS /api/rooms responded 204 in 0.0640 ms
2026-05-04 12:45:46.295 +07:00 [ERR] Failed executing DbCommand (2ms) [Parameters=[@p0='?' (DbType = DateTime), @p1='?' (DbType = Int32), @p2='?' (DbType = Int64), @p3='?' (DbType = Boolean), @p4='?' (Size = 4000), @p5='?' (Size = 20), @p6='?' (DbType = Int64), @p7='?' (Size = 30), @p8='?' (Size = 500), @p9='?' (DbType = DateTime)], CommandType='"Text"', CommandTimeout='30']
INSERT INTO `rooms` (`created_at`, `floor`, `hotel_id`, `is_active`, `notes`, `room_number`, `room_type_id`, `status`, `thumbnail_url`, `updated_at`)
VALUES (@p0, @p1, @p2, @p3, @p4, @p5, @p6, @p7, @p8, @p9);
SELECT `room_id`
FROM `rooms`
WHERE ROW_COUNT() = 1 AND `room_id` = LAST_INSERT_ID();
2026-05-04 12:45:46.314 +07:00 [ERR] An exception occurred in the database while saving changes for context type 'HotelManagement.Data.HotelDbContext'.
Microsoft.EntityFrameworkCore.DbUpdateException: An error occurred while saving the entity changes. See the inner exception for details.
 ---> MySqlConnector.MySqlException (0x80004005): Duplicate entry '2-HN101' for key 'rooms.IX_rooms_hotel_id_room_number'
   at MySqlConnector.Core.ServerSession.ReceiveReplyAsync(IOBehavior ioBehavior, CancellationToken cancellationToken) in /_/src/MySqlConnector/Core/ServerSession.cs:line 1081
   at MySqlConnector.Core.ResultSet.ReadResultSetHeaderAsync(IOBehavior ioBehavior) in /_/src/MySqlConnector/Core/ResultSet.cs:line 37
   at MySqlConnector.MySqlDataReader.ActivateResultSet(CancellationToken cancellationToken) in /_/src/MySqlConnector/MySqlDataReader.cs:line 131
   at MySqlConnector.MySqlDataReader.InitAsync(CommandListPosition commandListPosition, ICommandPayloadCreator payloadCreator, IDictionary`2 cachedProcedures, IMySqlCommand command, CommandBehavior behavior, Activity activity, IOBehavior ioBehavior, CancellationToken cancellationToken) in /_/src/MySqlConnector/MySqlDataReader.cs:line 487
   at MySqlConnector.Core.CommandExecutor.ExecuteReaderAsync(CommandListPosition commandListPosition, ICommandPayloadCreator payloadCreator, CommandBehavior behavior, Activity activity, IOBehavior ioBehavior, CancellationToken cancellationToken) in /_/src/MySqlConnector/Core/CommandExecutor.cs:line 56
   at MySqlConnector.MySqlCommand.ExecuteReaderAsync(CommandBehavior behavior, IOBehavior ioBehavior, CancellationToken cancellationToken) in /_/src/MySqlConnector/MySqlCommand.cs:line 357
   at MySqlConnector.MySqlCommand.ExecuteDbDataReaderAsync(CommandBehavior behavior, CancellationToken cancellationToken) in /_/src/MySqlConnector/MySqlCommand.cs:line 350
   at Microsoft.EntityFrameworkCore.Storage.RelationalCommand.ExecuteReaderAsync(RelationalCommandParameterObject parameterObject, CancellationToken cancellationToken)
   at Microsoft.EntityFrameworkCore.Storage.RelationalCommand.ExecuteReaderAsync(RelationalCommandParameterObject parameterObject, CancellationToken cancellationToken)
   at Microsoft.EntityFrameworkCore.Update.ReaderModificationCommandBatch.ExecuteAsync(IRelationalConnection connection, CancellationToken cancellationToken)
   --- End of inner exception stack trace ---
   at Microsoft.EntityFrameworkCore.Update.ReaderModificationCommandBatch.ExecuteAsync(IRelationalConnection connection, CancellationToken cancellationToken)
   at Microsoft.EntityFrameworkCore.Update.Internal.BatchExecutor.ExecuteAsync(IEnumerable`1 commandBatches, IRelationalConnection connection, CancellationToken cancellationToken)
   at Microsoft.EntityFrameworkCore.Update.Internal.BatchExecutor.ExecuteAsync(IEnumerable`1 commandBatches, IRelationalConnection connection, CancellationToken cancellationToken)
   at Microsoft.EntityFrameworkCore.Update.Internal.BatchExecutor.ExecuteAsync(IEnumerable`1 commandBatches, IRelationalConnection connection, CancellationToken cancellationToken)
   at Microsoft.EntityFrameworkCore.Storage.RelationalDatabase.SaveChangesAsync(IList`1 entries, CancellationToken cancellationToken)
   at Microsoft.EntityFrameworkCore.ChangeTracking.Internal.StateManager.SaveChangesAsync(IList`1 entriesToSave, CancellationToken cancellationToken)
   at Microsoft.EntityFrameworkCore.ChangeTracking.Internal.StateManager.SaveChangesAsync(StateManager stateManager, Boolean acceptAllChangesOnSuccess, CancellationToken cancellationToken)
   at Microsoft.EntityFrameworkCore.Storage.ExecutionStrategy.<>c__DisplayClass30_0`2.<<ExecuteAsync>b__0>d.MoveNext()
--- End of stack trace from previous location ---
   at Microsoft.EntityFrameworkCore.Storage.ExecutionStrategy.ExecuteImplementationAsync[TState,TResult](Func`4 operation, Func`4 verifySucceeded, TState state, CancellationToken cancellationToken)
   at Microsoft.EntityFrameworkCore.Storage.ExecutionStrategy.ExecuteImplementationAsync[TState,TResult](Func`4 operation, Func`4 verifySucceeded, TState state, CancellationToken cancellationToken)
   at Microsoft.EntityFrameworkCore.Storage.ExecutionStrategy.ExecuteAsync[TState,TResult](TState state, Func`4 operation, Func`4 verifySucceeded, CancellationToken cancellationToken)
   at Microsoft.EntityFrameworkCore.DbContext.SaveChangesAsync(Boolean acceptAllChangesOnSuccess, CancellationToken cancellationToken)
Microsoft.EntityFrameworkCore.DbUpdateException: An error occurred while saving the entity changes. See the inner exception for details.
 ---> MySqlConnector.MySqlException (0x80004005): Duplicate entry '2-HN101' for key 'rooms.IX_rooms_hotel_id_room_number'
   at MySqlConnector.Core.ServerSession.ReceiveReplyAsync(IOBehavior ioBehavior, CancellationToken cancellationToken) in /_/src/MySqlConnector/Core/ServerSession.cs:line 1081
   at MySqlConnector.Core.ResultSet.ReadResultSetHeaderAsync(IOBehavior ioBehavior) in /_/src/MySqlConnector/Core/ResultSet.cs:line 37
   at MySqlConnector.MySqlDataReader.ActivateResultSet(CancellationToken cancellationToken) in /_/src/MySqlConnector/MySqlDataReader.cs:line 131
   at MySqlConnector.MySqlDataReader.InitAsync(CommandListPosition commandListPosition, ICommandPayloadCreator payloadCreator, IDictionary`2 cachedProcedures, IMySqlCommand command, CommandBehavior behavior, Activity activity, IOBehavior ioBehavior, CancellationToken cancellationToken) in /_/src/MySqlConnector/MySqlDataReader.cs:line 487
   at MySqlConnector.Core.CommandExecutor.ExecuteReaderAsync(CommandListPosition commandListPosition, ICommandPayloadCreator payloadCreator, CommandBehavior behavior, Activity activity, IOBehavior ioBehavior, CancellationToken cancellationToken) in /_/src/MySqlConnector/Core/CommandExecutor.cs:line 56
   at MySqlConnector.MySqlCommand.ExecuteReaderAsync(CommandBehavior behavior, IOBehavior ioBehavior, CancellationToken cancellationToken) in /_/src/MySqlConnector/MySqlCommand.cs:line 357
   at MySqlConnector.MySqlCommand.ExecuteDbDataReaderAsync(CommandBehavior behavior, CancellationToken cancellationToken) in /_/src/MySqlConnector/MySqlCommand.cs:line 350
   at Microsoft.EntityFrameworkCore.Storage.RelationalCommand.ExecuteReaderAsync(RelationalCommandParameterObject parameterObject, CancellationToken cancellationToken)
   at Microsoft.EntityFrameworkCore.Storage.RelationalCommand.ExecuteReaderAsync(RelationalCommandParameterObject parameterObject, CancellationToken cancellationToken)
   at Microsoft.EntityFrameworkCore.Update.ReaderModificationCommandBatch.ExecuteAsync(IRelationalConnection connection, CancellationToken cancellationToken)
   --- End of inner exception stack trace ---
   at Microsoft.EntityFrameworkCore.Update.ReaderModificationCommandBatch.ExecuteAsync(IRelationalConnection connection, CancellationToken cancellationToken)
   at Microsoft.EntityFrameworkCore.Update.Internal.BatchExecutor.ExecuteAsync(IEnumerable`1 commandBatches, IRelationalConnection connection, CancellationToken cancellationToken)
   at Microsoft.EntityFrameworkCore.Update.Internal.BatchExecutor.ExecuteAsync(IEnumerable`1 commandBatches, IRelationalConnection connection, CancellationToken cancellationToken)
   at Microsoft.EntityFrameworkCore.Update.Internal.BatchExecutor.ExecuteAsync(IEnumerable`1 commandBatches, IRelationalConnection connection, CancellationToken cancellationToken)
   at Microsoft.EntityFrameworkCore.Storage.RelationalDatabase.SaveChangesAsync(IList`1 entries, CancellationToken cancellationToken)
   at Microsoft.EntityFrameworkCore.ChangeTracking.Internal.StateManager.SaveChangesAsync(IList`1 entriesToSave, CancellationToken cancellationToken)
   at Microsoft.EntityFrameworkCore.ChangeTracking.Internal.StateManager.SaveChangesAsync(StateManager stateManager, Boolean acceptAllChangesOnSuccess, CancellationToken cancellationToken)
   at Microsoft.EntityFrameworkCore.Storage.ExecutionStrategy.<>c__DisplayClass30_0`2.<<ExecuteAsync>b__0>d.MoveNext()
--- End of stack trace from previous location ---
   at Microsoft.EntityFrameworkCore.Storage.ExecutionStrategy.ExecuteImplementationAsync[TState,TResult](Func`4 operation, Func`4 verifySucceeded, TState state, CancellationToken cancellationToken)
   at Microsoft.EntityFrameworkCore.Storage.ExecutionStrategy.ExecuteImplementationAsync[TState,TResult](Func`4 operation, Func`4 verifySucceeded, TState state, CancellationToken cancellationToken)
   at Microsoft.EntityFrameworkCore.Storage.ExecutionStrategy.ExecuteAsync[TState,TResult](TState state, Func`4 operation, Func`4 verifySucceeded, CancellationToken cancellationToken)
   at Microsoft.EntityFrameworkCore.DbContext.SaveChangesAsync(Boolean acceptAllChangesOnSuccess, CancellationToken cancellationToken)
2026-05-04 12:45:46.324 +07:00 [ERR] DB error creating room 'HN101'
Microsoft.EntityFrameworkCore.DbUpdateException: An error occurred while saving the entity changes. See the inner exception for details.
 ---> MySqlConnector.MySqlException (0x80004005): Duplicate entry '2-HN101' for key 'rooms.IX_rooms_hotel_id_room_number'
   at MySqlConnector.Core.ServerSession.ReceiveReplyAsync(IOBehavior ioBehavior, CancellationToken cancellationToken) in /_/src/MySqlConnector/Core/ServerSession.cs:line 1081
   at MySqlConnector.Core.ResultSet.ReadResultSetHeaderAsync(IOBehavior ioBehavior) in /_/src/MySqlConnector/Core/ResultSet.cs:line 37
   at MySqlConnector.MySqlDataReader.ActivateResultSet(CancellationToken cancellationToken) in /_/src/MySqlConnector/MySqlDataReader.cs:line 131
   at MySqlConnector.MySqlDataReader.InitAsync(CommandListPosition commandListPosition, ICommandPayloadCreator payloadCreator, IDictionary`2 cachedProcedures, IMySqlCommand command, CommandBehavior behavior, Activity activity, IOBehavior ioBehavior, CancellationToken cancellationToken) in /_/src/MySqlConnector/MySqlDataReader.cs:line 487
   at MySqlConnector.Core.CommandExecutor.ExecuteReaderAsync(CommandListPosition commandListPosition, ICommandPayloadCreator payloadCreator, CommandBehavior behavior, Activity activity, IOBehavior ioBehavior, CancellationToken cancellationToken) in /_/src/MySqlConnector/Core/CommandExecutor.cs:line 56
   at MySqlConnector.MySqlCommand.ExecuteReaderAsync(CommandBehavior behavior, IOBehavior ioBehavior, CancellationToken cancellationToken) in /_/src/MySqlConnector/MySqlCommand.cs:line 357
   at MySqlConnector.MySqlCommand.ExecuteDbDataReaderAsync(CommandBehavior behavior, CancellationToken cancellationToken) in /_/src/MySqlConnector/MySqlCommand.cs:line 350
   at Microsoft.EntityFrameworkCore.Storage.RelationalCommand.ExecuteReaderAsync(RelationalCommandParameterObject parameterObject, CancellationToken cancellationToken)
   at Microsoft.EntityFrameworkCore.Storage.RelationalCommand.ExecuteReaderAsync(RelationalCommandParameterObject parameterObject, CancellationToken cancellationToken)
   at Microsoft.EntityFrameworkCore.Update.ReaderModificationCommandBatch.ExecuteAsync(IRelationalConnection connection, CancellationToken cancellationToken)
   --- End of inner exception stack trace ---
   at Microsoft.EntityFrameworkCore.Update.ReaderModificationCommandBatch.ExecuteAsync(IRelationalConnection connection, CancellationToken cancellationToken)
   at Microsoft.EntityFrameworkCore.Update.Internal.BatchExecutor.ExecuteAsync(IEnumerable`1 commandBatches, IRelationalConnection connection, CancellationToken cancellationToken)
   at Microsoft.EntityFrameworkCore.Update.Internal.BatchExecutor.ExecuteAsync(IEnumerable`1 commandBatches, IRelationalConnection connection, CancellationToken cancellationToken)
   at Microsoft.EntityFrameworkCore.Update.Internal.BatchExecutor.ExecuteAsync(IEnumerable`1 commandBatches, IRelationalConnection connection, CancellationToken cancellationToken)
   at Microsoft.EntityFrameworkCore.Storage.RelationalDatabase.SaveChangesAsync(IList`1 entries, CancellationToken cancellationToken)
   at Microsoft.EntityFrameworkCore.ChangeTracking.Internal.StateManager.SaveChangesAsync(IList`1 entriesToSave, CancellationToken cancellationToken)
   at Microsoft.EntityFrameworkCore.ChangeTracking.Internal.StateManager.SaveChangesAsync(StateManager stateManager, Boolean acceptAllChangesOnSuccess, CancellationToken cancellationToken)
   at Microsoft.EntityFrameworkCore.Storage.ExecutionStrategy.<>c__DisplayClass30_0`2.<<ExecuteAsync>b__0>d.MoveNext()
--- End of stack trace from previous location ---
   at Microsoft.EntityFrameworkCore.Storage.ExecutionStrategy.ExecuteImplementationAsync[TState,TResult](Func`4 operation, Func`4 verifySucceeded, TState state, CancellationToken cancellationToken)
   at Microsoft.EntityFrameworkCore.Storage.ExecutionStrategy.ExecuteImplementationAsync[TState,TResult](Func`4 operation, Func`4 verifySucceeded, TState state, CancellationToken cancellationToken)
   at Microsoft.EntityFrameworkCore.Storage.ExecutionStrategy.ExecuteAsync[TState,TResult](TState state, Func`4 operation, Func`4 verifySucceeded, CancellationToken cancellationToken)
   at Microsoft.EntityFrameworkCore.DbContext.SaveChangesAsync(Boolean acceptAllChangesOnSuccess, CancellationToken cancellationToken)
   at Microsoft.EntityFrameworkCore.DbContext.SaveChangesAsync(Boolean acceptAllChangesOnSuccess, CancellationToken cancellationToken)
   at HotelManagement.Controllers.RoomsController.Create(CreateRoomDto dto) in C:\Users\MSI\source\Do_An_2\Backend\Controllers\RoomsController.cs:line 117
2026-05-04 12:45:46.342 +07:00 [ERR] HTTP POST /api/rooms responded 500 in 112.4661 ms
HotelManagement.Exceptions.AppException: Không thể lưu phòng vào cơ sở dữ liệu: Duplicate entry '2-HN101' for key 'rooms.IX_rooms_hotel_id_room_number'
   at HotelManagement.Controllers.RoomsController.Create(CreateRoomDto dto) in C:\Users\MSI\source\Do_An_2\Backend\Controllers\RoomsController.cs:line 122
   at Microsoft.AspNetCore.Mvc.Infrastructure.ActionMethodExecutor.TaskOfIActionResultExecutor.Execute(ActionContext actionContext, IActionResultTypeMapper mapper, ObjectMethodExecutor executor, Object controller, Object[] arguments)
   at Microsoft.AspNetCore.Mvc.Infrastructure.ControllerActionInvoker.<InvokeActionMethodAsync>g__Awaited|12_0(ControllerActionInvoker invoker, ValueTask`1 actionResultValueTask)
   at Microsoft.AspNetCore.Mvc.Infrastructure.ControllerActionInvoker.<InvokeNextActionFilterAsync>g__Awaited|10_0(ControllerActionInvoker invoker, Task lastTask, State next, Scope scope, Object state, Boolean isCompleted)
   at Microsoft.AspNetCore.Mvc.Infrastructure.ControllerActionInvoker.Rethrow(ActionExecutedContextSealed context)
   at Microsoft.AspNetCore.Mvc.Infrastructure.ControllerActionInvoker.Next(State& next, Scope& scope, Object& state, Boolean& isCompleted)
   at Microsoft.AspNetCore.Mvc.Infrastructure.ControllerActionInvoker.<InvokeInnerFilterAsync>g__Awaited|13_0(ControllerActionInvoker invoker, Task lastTask, State next, Scope scope, Object state, Boolean isCompleted)
   at Microsoft.AspNetCore.Mvc.Infrastructure.ResourceInvoker.<InvokeFilterPipelineAsync>g__Awaited|20_0(ResourceInvoker invoker, Task lastTask, State next, Scope scope, Object state, Boolean isCompleted)
   at Microsoft.AspNetCore.Mvc.Infrastructure.ResourceInvoker.<InvokeAsync>g__Awaited|17_0(ResourceInvoker invoker, Task task, IDisposable scope)
   at Microsoft.AspNetCore.Mvc.Infrastructure.ResourceInvoker.<InvokeAsync>g__Awaited|17_0(ResourceInvoker invoker, Task task, IDisposable scope)
   at Microsoft.AspNetCore.Authorization.AuthorizationMiddleware.Invoke(HttpContext context)
   at Microsoft.AspNetCore.Authentication.AuthenticationMiddleware.Invoke(HttpContext context)
   at Serilog.AspNetCore.RequestLoggingMiddleware.Invoke(HttpContext httpContext)
2026-05-04 12:45:46.347 +07:00 [WRN] AppException [400]: Không thể lưu phòng vào cơ sở dữ liệu: Duplicate entry '2-HN101' for key 'rooms.IX_rooms_hotel_id_room_number'
2026-05-04 12:45:56.966 +07:00 [INF] HTTP OPTIONS /api/rooms responded 204 in 0.0485 ms
2026-05-04 12:45:56.981 +07:00 [ERR] Failed executing DbCommand (1ms) [Parameters=[@p0='?' (DbType = DateTime), @p1='?' (DbType = Int32), @p2='?' (DbType = Int64), @p3='?' (DbType = Boolean), @p4='?' (Size = 4000), @p5='?' (Size = 20), @p6='?' (DbType = Int64), @p7='?' (Size = 30), @p8='?' (Size = 500), @p9='?' (DbType = DateTime)], CommandType='"Text"', CommandTimeout='30']
INSERT INTO `rooms` (`created_at`, `floor`, `hotel_id`, `is_active`, `notes`, `room_number`, `room_type_id`, `status`, `thumbnail_url`, `updated_at`)
VALUES (@p0, @p1, @p2, @p3, @p4, @p5, @p6, @p7, @p8, @p9);
SELECT `room_id`
FROM `rooms`
WHERE ROW_COUNT() = 1 AND `room_id` = LAST_INSERT_ID();
2026-05-04 12:45:56.987 +07:00 [ERR] An exception occurred in the database while saving changes for context type 'HotelManagement.Data.HotelDbContext'.
Microsoft.EntityFrameworkCore.DbUpdateException: An error occurred while saving the entity changes. See the inner exception for details.
 ---> MySqlConnector.MySqlException (0x80004005): Duplicate entry '2-HN101' for key 'rooms.IX_rooms_hotel_id_room_number'
   at MySqlConnector.Core.ServerSession.ReceiveReplyAsync(IOBehavior ioBehavior, CancellationToken cancellationToken) in /_/src/MySqlConnector/Core/ServerSession.cs:line 1081
   at MySqlConnector.Core.ResultSet.ReadResultSetHeaderAsync(IOBehavior ioBehavior) in /_/src/MySqlConnector/Core/ResultSet.cs:line 37
   at MySqlConnector.MySqlDataReader.ActivateResultSet(CancellationToken cancellationToken) in /_/src/MySqlConnector/MySqlDataReader.cs:line 131
   at MySqlConnector.MySqlDataReader.InitAsync(CommandListPosition commandListPosition, ICommandPayloadCreator payloadCreator, IDictionary`2 cachedProcedures, IMySqlCommand command, CommandBehavior behavior, Activity activity, IOBehavior ioBehavior, CancellationToken cancellationToken) in /_/src/MySqlConnector/MySqlDataReader.cs:line 487
   at MySqlConnector.Core.CommandExecutor.ExecuteReaderAsync(CommandListPosition commandListPosition, ICommandPayloadCreator payloadCreator, CommandBehavior behavior, Activity activity, IOBehavior ioBehavior, CancellationToken cancellationToken) in /_/src/MySqlConnector/Core/CommandExecutor.cs:line 56
   at MySqlConnector.MySqlCommand.ExecuteReaderAsync(CommandBehavior behavior, IOBehavior ioBehavior, CancellationToken cancellationToken) in /_/src/MySqlConnector/MySqlCommand.cs:line 357
   at MySqlConnector.MySqlCommand.ExecuteDbDataReaderAsync(CommandBehavior behavior, CancellationToken cancellationToken) in /_/src/MySqlConnector/MySqlCommand.cs:line 350
   at Microsoft.EntityFrameworkCore.Storage.RelationalCommand.ExecuteReaderAsync(RelationalCommandParameterObject parameterObject, CancellationToken cancellationToken)
   at Microsoft.EntityFrameworkCore.Storage.RelationalCommand.ExecuteReaderAsync(RelationalCommandParameterObject parameterObject, CancellationToken cancellationToken)
   at Microsoft.EntityFrameworkCore.Update.ReaderModificationCommandBatch.ExecuteAsync(IRelationalConnection connection, CancellationToken cancellationToken)
   --- End of inner exception stack trace ---
   at Microsoft.EntityFrameworkCore.Update.ReaderModificationCommandBatch.ExecuteAsync(IRelationalConnection connection, CancellationToken cancellationToken)
   at Microsoft.EntityFrameworkCore.Update.Internal.BatchExecutor.ExecuteAsync(IEnumerable`1 commandBatches, IRelationalConnection connection, CancellationToken cancellationToken)
   at Microsoft.EntityFrameworkCore.Update.Internal.BatchExecutor.ExecuteAsync(IEnumerable`1 commandBatches, IRelationalConnection connection, CancellationToken cancellationToken)
   at Microsoft.EntityFrameworkCore.Update.Internal.BatchExecutor.ExecuteAsync(IEnumerable`1 commandBatches, IRelationalConnection connection, CancellationToken cancellationToken)
   at Microsoft.EntityFrameworkCore.Storage.RelationalDatabase.SaveChangesAsync(IList`1 entries, CancellationToken cancellationToken)
   at Microsoft.EntityFrameworkCore.ChangeTracking.Internal.StateManager.SaveChangesAsync(IList`1 entriesToSave, CancellationToken cancellationToken)
   at Microsoft.EntityFrameworkCore.ChangeTracking.Internal.StateManager.SaveChangesAsync(StateManager stateManager, Boolean acceptAllChangesOnSuccess, CancellationToken cancellationToken)
   at Microsoft.EntityFrameworkCore.Storage.ExecutionStrategy.<>c__DisplayClass30_0`2.<<ExecuteAsync>b__0>d.MoveNext()
--- End of stack trace from previous location ---
   at Microsoft.EntityFrameworkCore.Storage.ExecutionStrategy.ExecuteImplementationAsync[TState,TResult](Func`4 operation, Func`4 verifySucceeded, TState state, CancellationToken cancellationToken)
   at Microsoft.EntityFrameworkCore.Storage.ExecutionStrategy.ExecuteImplementationAsync[TState,TResult](Func`4 operation, Func`4 verifySucceeded, TState state, CancellationToken cancellationToken)
   at Microsoft.EntityFrameworkCore.Storage.ExecutionStrategy.ExecuteAsync[TState,TResult](TState state, Func`4 operation, Func`4 verifySucceeded, CancellationToken cancellationToken)
   at Microsoft.EntityFrameworkCore.DbContext.SaveChangesAsync(Boolean acceptAllChangesOnSuccess, CancellationToken cancellationToken)
Microsoft.EntityFrameworkCore.DbUpdateException: An error occurred while saving the entity changes. See the inner exception for details.
 ---> MySqlConnector.MySqlException (0x80004005): Duplicate entry '2-HN101' for key 'rooms.IX_rooms_hotel_id_room_number'
   at MySqlConnector.Core.ServerSession.ReceiveReplyAsync(IOBehavior ioBehavior, CancellationToken cancellationToken) in /_/src/MySqlConnector/Core/ServerSession.cs:line 1081
   at MySqlConnector.Core.ResultSet.ReadResultSetHeaderAsync(IOBehavior ioBehavior) in /_/src/MySqlConnector/Core/ResultSet.cs:line 37
   at MySqlConnector.MySqlDataReader.ActivateResultSet(CancellationToken cancellationToken) in /_/src/MySqlConnector/MySqlDataReader.cs:line 131
   at MySqlConnector.MySqlDataReader.InitAsync(CommandListPosition commandListPosition, ICommandPayloadCreator payloadCreator, IDictionary`2 cachedProcedures, IMySqlCommand command, CommandBehavior behavior, Activity activity, IOBehavior ioBehavior, CancellationToken cancellationToken) in /_/src/MySqlConnector/MySqlDataReader.cs:line 487
   at MySqlConnector.Core.CommandExecutor.ExecuteReaderAsync(CommandListPosition commandListPosition, ICommandPayloadCreator payloadCreator, CommandBehavior behavior, Activity activity, IOBehavior ioBehavior, CancellationToken cancellationToken) in /_/src/MySqlConnector/Core/CommandExecutor.cs:line 56
   at MySqlConnector.MySqlCommand.ExecuteReaderAsync(CommandBehavior behavior, IOBehavior ioBehavior, CancellationToken cancellationToken) in /_/src/MySqlConnector/MySqlCommand.cs:line 357
   at MySqlConnector.MySqlCommand.ExecuteDbDataReaderAsync(CommandBehavior behavior, CancellationToken cancellationToken) in /_/src/MySqlConnector/MySqlCommand.cs:line 350
   at Microsoft.EntityFrameworkCore.Storage.RelationalCommand.ExecuteReaderAsync(RelationalCommandParameterObject parameterObject, CancellationToken cancellationToken)
   at Microsoft.EntityFrameworkCore.Storage.RelationalCommand.ExecuteReaderAsync(RelationalCommandParameterObject parameterObject, CancellationToken cancellationToken)
   at Microsoft.EntityFrameworkCore.Update.ReaderModificationCommandBatch.ExecuteAsync(IRelationalConnection connection, CancellationToken cancellationToken)
   --- End of inner exception stack trace ---
   at Microsoft.EntityFrameworkCore.Update.ReaderModificationCommandBatch.ExecuteAsync(IRelationalConnection connection, CancellationToken cancellationToken)
   at Microsoft.EntityFrameworkCore.Update.Internal.BatchExecutor.ExecuteAsync(IEnumerable`1 commandBatches, IRelationalConnection connection, CancellationToken cancellationToken)
   at Microsoft.EntityFrameworkCore.Update.Internal.BatchExecutor.ExecuteAsync(IEnumerable`1 commandBatches, IRelationalConnection connection, CancellationToken cancellationToken)
   at Microsoft.EntityFrameworkCore.Update.Internal.BatchExecutor.ExecuteAsync(IEnumerable`1 commandBatches, IRelationalConnection connection, CancellationToken cancellationToken)
   at Microsoft.EntityFrameworkCore.Storage.RelationalDatabase.SaveChangesAsync(IList`1 entries, CancellationToken cancellationToken)
   at Microsoft.EntityFrameworkCore.ChangeTracking.Internal.StateManager.SaveChangesAsync(IList`1 entriesToSave, CancellationToken cancellationToken)
   at Microsoft.EntityFrameworkCore.ChangeTracking.Internal.StateManager.SaveChangesAsync(StateManager stateManager, Boolean acceptAllChangesOnSuccess, CancellationToken cancellationToken)
   at Microsoft.EntityFrameworkCore.Storage.ExecutionStrategy.<>c__DisplayClass30_0`2.<<ExecuteAsync>b__0>d.MoveNext()
--- End of stack trace from previous location ---
   at Microsoft.EntityFrameworkCore.Storage.ExecutionStrategy.ExecuteImplementationAsync[TState,TResult](Func`4 operation, Func`4 verifySucceeded, TState state, CancellationToken cancellationToken)
   at Microsoft.EntityFrameworkCore.Storage.ExecutionStrategy.ExecuteImplementationAsync[TState,TResult](Func`4 operation, Func`4 verifySucceeded, TState state, CancellationToken cancellationToken)
   at Microsoft.EntityFrameworkCore.Storage.ExecutionStrategy.ExecuteAsync[TState,TResult](TState state, Func`4 operation, Func`4 verifySucceeded, CancellationToken cancellationToken)
   at Microsoft.EntityFrameworkCore.DbContext.SaveChangesAsync(Boolean acceptAllChangesOnSuccess, CancellationToken cancellationToken)
2026-05-04 12:45:56.997 +07:00 [ERR] DB error creating room 'HN101'
Microsoft.EntityFrameworkCore.DbUpdateException: An error occurred while saving the entity changes. See the inner exception for details.
 ---> MySqlConnector.MySqlException (0x80004005): Duplicate entry '2-HN101' for key 'rooms.IX_rooms_hotel_id_room_number'
   at MySqlConnector.Core.ServerSession.ReceiveReplyAsync(IOBehavior ioBehavior, CancellationToken cancellationToken) in /_/src/MySqlConnector/Core/ServerSession.cs:line 1081
   at MySqlConnector.Core.ResultSet.ReadResultSetHeaderAsync(IOBehavior ioBehavior) in /_/src/MySqlConnector/Core/ResultSet.cs:line 37
   at MySqlConnector.MySqlDataReader.ActivateResultSet(CancellationToken cancellationToken) in /_/src/MySqlConnector/MySqlDataReader.cs:line 131
   at MySqlConnector.MySqlDataReader.InitAsync(CommandListPosition commandListPosition, ICommandPayloadCreator payloadCreator, IDictionary`2 cachedProcedures, IMySqlCommand command, CommandBehavior behavior, Activity activity, IOBehavior ioBehavior, CancellationToken cancellationToken) in /_/src/MySqlConnector/MySqlDataReader.cs:line 487
   at MySqlConnector.Core.CommandExecutor.ExecuteReaderAsync(CommandListPosition commandListPosition, ICommandPayloadCreator payloadCreator, CommandBehavior behavior, Activity activity, IOBehavior ioBehavior, CancellationToken cancellationToken) in /_/src/MySqlConnector/Core/CommandExecutor.cs:line 56
   at MySqlConnector.MySqlCommand.ExecuteReaderAsync(CommandBehavior behavior, IOBehavior ioBehavior, CancellationToken cancellationToken) in /_/src/MySqlConnector/MySqlCommand.cs:line 357
   at MySqlConnector.MySqlCommand.ExecuteDbDataReaderAsync(CommandBehavior behavior, CancellationToken cancellationToken) in /_/src/MySqlConnector/MySqlCommand.cs:line 350
   at Microsoft.EntityFrameworkCore.Storage.RelationalCommand.ExecuteReaderAsync(RelationalCommandParameterObject parameterObject, CancellationToken cancellationToken)
   at Microsoft.EntityFrameworkCore.Storage.RelationalCommand.ExecuteReaderAsync(RelationalCommandParameterObject parameterObject, CancellationToken cancellationToken)
   at Microsoft.EntityFrameworkCore.Update.ReaderModificationCommandBatch.ExecuteAsync(IRelationalConnection connection, CancellationToken cancellationToken)
   --- End of inner exception stack trace ---
   at Microsoft.EntityFrameworkCore.Update.ReaderModificationCommandBatch.ExecuteAsync(IRelationalConnection connection, CancellationToken cancellationToken)
   at Microsoft.EntityFrameworkCore.Update.Internal.BatchExecutor.ExecuteAsync(IEnumerable`1 commandBatches, IRelationalConnection connection, CancellationToken cancellationToken)
   at Microsoft.EntityFrameworkCore.Update.Internal.BatchExecutor.ExecuteAsync(IEnumerable`1 commandBatches, IRelationalConnection connection, CancellationToken cancellationToken)
   at Microsoft.EntityFrameworkCore.Update.Internal.BatchExecutor.ExecuteAsync(IEnumerable`1 commandBatches, IRelationalConnection connection, CancellationToken cancellationToken)
   at Microsoft.EntityFrameworkCore.Storage.RelationalDatabase.SaveChangesAsync(IList`1 entries, CancellationToken cancellationToken)
   at Microsoft.EntityFrameworkCore.ChangeTracking.Internal.StateManager.SaveChangesAsync(IList`1 entriesToSave, CancellationToken cancellationToken)
   at Microsoft.EntityFrameworkCore.ChangeTracking.Internal.StateManager.SaveChangesAsync(StateManager stateManager, Boolean acceptAllChangesOnSuccess, CancellationToken cancellationToken)
   at Microsoft.EntityFrameworkCore.Storage.ExecutionStrategy.<>c__DisplayClass30_0`2.<<ExecuteAsync>b__0>d.MoveNext()
--- End of stack trace from previous location ---
   at Microsoft.EntityFrameworkCore.Storage.ExecutionStrategy.ExecuteImplementationAsync[TState,TResult](Func`4 operation, Func`4 verifySucceeded, TState state, CancellationToken cancellationToken)
   at Microsoft.EntityFrameworkCore.Storage.ExecutionStrategy.ExecuteImplementationAsync[TState,TResult](Func`4 operation, Func`4 verifySucceeded, TState state, CancellationToken cancellationToken)
   at Microsoft.EntityFrameworkCore.Storage.ExecutionStrategy.ExecuteAsync[TState,TResult](TState state, Func`4 operation, Func`4 verifySucceeded, CancellationToken cancellationToken)
   at Microsoft.EntityFrameworkCore.DbContext.SaveChangesAsync(Boolean acceptAllChangesOnSuccess, CancellationToken cancellationToken)
   at Microsoft.EntityFrameworkCore.DbContext.SaveChangesAsync(Boolean acceptAllChangesOnSuccess, CancellationToken cancellationToken)
   at HotelManagement.Controllers.RoomsController.Create(CreateRoomDto dto) in C:\Users\MSI\source\Do_An_2\Backend\Controllers\RoomsController.cs:line 117
2026-05-04 12:45:57.005 +07:00 [ERR] HTTP POST /api/rooms responded 500 in 36.4208 ms
HotelManagement.Exceptions.AppException: Không thể lưu phòng vào cơ sở dữ liệu: Duplicate entry '2-HN101' for key 'rooms.IX_rooms_hotel_id_room_number'
   at HotelManagement.Controllers.RoomsController.Create(CreateRoomDto dto) in C:\Users\MSI\source\Do_An_2\Backend\Controllers\RoomsController.cs:line 122
   at Microsoft.AspNetCore.Mvc.Infrastructure.ActionMethodExecutor.TaskOfIActionResultExecutor.Execute(ActionContext actionContext, IActionResultTypeMapper mapper, ObjectMethodExecutor executor, Object controller, Object[] arguments)
   at Microsoft.AspNetCore.Mvc.Infrastructure.ControllerActionInvoker.<InvokeActionMethodAsync>g__Awaited|12_0(ControllerActionInvoker invoker, ValueTask`1 actionResultValueTask)
   at Microsoft.AspNetCore.Mvc.Infrastructure.ControllerActionInvoker.<InvokeNextActionFilterAsync>g__Awaited|10_0(ControllerActionInvoker invoker, Task lastTask, State next, Scope scope, Object state, Boolean isCompleted)
   at Microsoft.AspNetCore.Mvc.Infrastructure.ControllerActionInvoker.Rethrow(ActionExecutedContextSealed context)
   at Microsoft.AspNetCore.Mvc.Infrastructure.ControllerActionInvoker.Next(State& next, Scope& scope, Object& state, Boolean& isCompleted)
   at Microsoft.AspNetCore.Mvc.Infrastructure.ControllerActionInvoker.<InvokeInnerFilterAsync>g__Awaited|13_0(ControllerActionInvoker invoker, Task lastTask, State next, Scope scope, Object state, Boolean isCompleted)
   at Microsoft.AspNetCore.Mvc.Infrastructure.ResourceInvoker.<InvokeFilterPipelineAsync>g__Awaited|20_0(ResourceInvoker invoker, Task lastTask, State next, Scope scope, Object state, Boolean isCompleted)
   at Microsoft.AspNetCore.Mvc.Infrastructure.ResourceInvoker.<InvokeAsync>g__Awaited|17_0(ResourceInvoker invoker, Task task, IDisposable scope)
   at Microsoft.AspNetCore.Mvc.Infrastructure.ResourceInvoker.<InvokeAsync>g__Awaited|17_0(ResourceInvoker invoker, Task task, IDisposable scope)
   at Microsoft.AspNetCore.Authorization.AuthorizationMiddleware.Invoke(HttpContext context)
   at Microsoft.AspNetCore.Authentication.AuthenticationMiddleware.Invoke(HttpContext context)
   at Serilog.AspNetCore.RequestLoggingMiddleware.Invoke(HttpContext httpContext)
2026-05-04 12:45:57.010 +07:00 [WRN] AppException [400]: Không thể lưu phòng vào cơ sở dữ liệu: Duplicate entry '2-HN101' for key 'rooms.IX_rooms_hotel_id_room_number'
2026-05-04 12:46:02.558 +07:00 [INF] HTTP OPTIONS /api/guest-account/profile responded 204 in 0.0622 ms
2026-05-04 12:46:02.650 +07:00 [INF] HTTP GET /api/guest-account/profile responded 200 in 86.9026 ms
2026-05-04 12:46:07.344 +07:00 [INF] HTTP GET /api/guest-account/profile responded 200 in 11.4495 ms
2026-05-04 12:46:09.140 +07:00 [INF] HTTP OPTIONS /api/guest-account/profile responded 204 in 0.0576 ms
2026-05-04 12:46:09.154 +07:00 [INF] HTTP GET /api/guest-account/profile responded 200 in 10.6745 ms
2026-05-04 12:46:10.159 +07:00 [INF] HTTP GET /api/guest-account/profile responded 200 in 9.1278 ms
2026-05-04 12:46:11.058 +07:00 [INF] HTTP GET /api/guest-account/profile responded 200 in 10.0206 ms
2026-05-04 12:46:12.874 +07:00 [INF] HTTP OPTIONS /api/bookings/my-bookings responded 204 in 0.0631 ms
2026-05-04 12:46:12.896 +07:00 [INF] GET /api/bookings/my-bookings — UserId: 2
2026-05-04 12:46:13.002 +07:00 [INF] HTTP GET /api/bookings/my-bookings responded 200 in 119.8326 ms
2026-05-04 12:46:23.420 +07:00 [INF] SignalR Disconnected: ConnId=i0mV6UxsIgo_pJXJcBpn1A
2026-05-04 12:46:23.420 +07:00 [INF] SignalR Disconnected: ConnId=TA4CJcES_6E8qP158m6Pww
2026-05-04 12:46:23.423 +07:00 [INF] HTTP GET /hubs/room responded 101 in 70630.3347 ms
2026-05-04 12:46:23.423 +07:00 [INF] HTTP GET /hubs/room responded 101 in 70657.0032 ms
2026-05-04 12:50:15.305 +07:00 [WRN] The query uses the 'First'/'FirstOrDefault' operator without 'OrderBy' and filter operators. This may lead to unpredictable results.
2026-05-04 12:50:26.497 +07:00 [WRN] Failed to determine the https port for redirect.
2026-05-04 12:50:26.505 +07:00 [INF] HTTP OPTIONS /api/auth/login responded 204 in 2.8628 ms
2026-05-04 12:50:26.720 +07:00 [INF] POST /api/auth/login — Email: admin@hotel.com
2026-05-04 12:50:27.035 +07:00 [INF] User 'admin' logged in.
2026-05-04 12:50:27.068 +07:00 [INF] HTTP POST /api/auth/login responded 200 in 549.1154 ms
2026-05-04 12:50:27.073 +07:00 [INF] HTTP OPTIONS /api/session/runtime-id responded 204 in 0.3445 ms
2026-05-04 12:50:27.117 +07:00 [INF] HTTP GET /api/session/runtime-id responded 200 in 40.4355 ms
2026-05-04 12:50:27.129 +07:00 [INF] HTTP OPTIONS /api/reports/occupancy responded 204 in 0.1664 ms
2026-05-04 12:50:27.131 +07:00 [INF] HTTP OPTIONS /api/reports/revenue responded 204 in 0.1051 ms
2026-05-04 12:50:27.155 +07:00 [INF] HTTP OPTIONS /hubs/room/negotiate responded 204 in 0.3046 ms
2026-05-04 12:50:27.159 +07:00 [INF] GET /api/reports/revenue — From: "2026-04-27T00:00:00.0000000", To: "2026-05-04T00:00:00.0000000"
2026-05-04 12:50:27.159 +07:00 [INF] GET /api/reports/occupancy — From: "2026-05-04T00:00:00.0000000", To: "2026-05-04T00:00:00.0000000", Hotel: null
2026-05-04 12:50:27.165 +07:00 [INF] HTTP POST /hubs/room/negotiate responded 200 in 6.4218 ms
2026-05-04 12:50:27.190 +07:00 [INF] SignalR Connected: UserId=1, Role=, ConnId=e_-PVdDA55BDsr8jBwYTPg
2026-05-04 12:50:27.306 +07:00 [INF] HTTP GET /api/reports/revenue responded 200 in 171.2326 ms
2026-05-04 12:50:27.330 +07:00 [INF] HTTP GET /api/reports/occupancy responded 200 in 197.8416 ms
2026-05-04 12:50:30.223 +07:00 [INF] HTTP OPTIONS /api/hotels responded 204 in 0.1607 ms
2026-05-04 12:50:30.299 +07:00 [INF] HTTP GET /api/hotels responded 200 in 72.1817 ms
2026-05-04 12:50:33.467 +07:00 [INF] HTTP OPTIONS /api/hotels/all responded 204 in 0.1069 ms
2026-05-04 12:50:33.468 +07:00 [INF] HTTP OPTIONS /api/room-types/all responded 204 in 0.0678 ms
2026-05-04 12:50:33.503 +07:00 [INF] HTTP GET /api/hotels/all responded 200 in 30.1697 ms
2026-05-04 12:50:33.513 +07:00 [INF] HTTP GET /api/room-types/all responded 200 in 40.0396 ms
2026-05-04 12:50:35.446 +07:00 [INF] HTTP OPTIONS /api/rooms responded 204 in 0.2474 ms
2026-05-04 12:50:35.490 +07:00 [INF] HTTP GET /api/rooms responded 200 in 39.8365 ms
2026-05-04 12:50:41.135 +07:00 [INF] HTTP OPTIONS /api/rooms responded 204 in 0.0998 ms
2026-05-04 12:50:41.151 +07:00 [INF] HTTP GET /api/rooms responded 200 in 11.0578 ms
2026-05-04 12:50:41.547 +07:00 [INF] HTTP GET /api/rooms responded 200 in 10.7978 ms
2026-05-04 12:51:03.735 +07:00 [INF] HTTP OPTIONS /api/hotels/all responded 204 in 0.0776 ms
2026-05-04 12:51:03.748 +07:00 [INF] HTTP GET /api/hotels/all responded 200 in 10.0762 ms
2026-05-04 12:51:05.432 +07:00 [INF] HTTP OPTIONS /api/room-types/hotel/2 responded 204 in 0.0863 ms
2026-05-04 12:51:05.466 +07:00 [INF] HTTP GET /api/room-types/hotel/2 responded 200 in 30.9894 ms
2026-05-04 12:51:25.639 +07:00 [INF] HTTP OPTIONS /api/uploads/image responded 204 in 0.0535 ms
2026-05-04 12:51:25.664 +07:00 [INF] HTTP POST /api/uploads/image responded 200 in 20.9178 ms
2026-05-04 12:51:25.681 +07:00 [INF] HTTP GET /uploads/202605/1699d43bbea14e26a0d1e5852631bc18.jpg responded 200 in 7.0866 ms
2026-05-04 12:51:26.623 +07:00 [INF] HTTP OPTIONS /api/rooms responded 204 in 0.0889 ms
2026-05-04 12:51:26.647 +07:00 [ERR] HTTP POST /api/rooms responded 500 in 20.1472 ms
HotelManagement.Exceptions.AppException: Số phòng 'HN101' đã tồn tại trong khách sạn này (kể cả phòng đã vô hiệu hóa).
   at HotelManagement.Controllers.RoomsController.Create(CreateRoomDto dto) in C:\Users\MSI\source\Do_An_2\Backend\Controllers\RoomsController.cs:line 105
   at Microsoft.AspNetCore.Mvc.Infrastructure.ActionMethodExecutor.TaskOfIActionResultExecutor.Execute(ActionContext actionContext, IActionResultTypeMapper mapper, ObjectMethodExecutor executor, Object controller, Object[] arguments)
   at Microsoft.AspNetCore.Mvc.Infrastructure.ControllerActionInvoker.<InvokeActionMethodAsync>g__Awaited|12_0(ControllerActionInvoker invoker, ValueTask`1 actionResultValueTask)
   at Microsoft.AspNetCore.Mvc.Infrastructure.ControllerActionInvoker.<InvokeNextActionFilterAsync>g__Awaited|10_0(ControllerActionInvoker invoker, Task lastTask, State next, Scope scope, Object state, Boolean isCompleted)
   at Microsoft.AspNetCore.Mvc.Infrastructure.ControllerActionInvoker.Rethrow(ActionExecutedContextSealed context)
   at Microsoft.AspNetCore.Mvc.Infrastructure.ControllerActionInvoker.Next(State& next, Scope& scope, Object& state, Boolean& isCompleted)
   at Microsoft.AspNetCore.Mvc.Infrastructure.ControllerActionInvoker.<InvokeInnerFilterAsync>g__Awaited|13_0(ControllerActionInvoker invoker, Task lastTask, State next, Scope scope, Object state, Boolean isCompleted)
   at Microsoft.AspNetCore.Mvc.Infrastructure.ResourceInvoker.<InvokeFilterPipelineAsync>g__Awaited|20_0(ResourceInvoker invoker, Task lastTask, State next, Scope scope, Object state, Boolean isCompleted)
   at Microsoft.AspNetCore.Mvc.Infrastructure.ResourceInvoker.<InvokeAsync>g__Awaited|17_0(ResourceInvoker invoker, Task task, IDisposable scope)
   at Microsoft.AspNetCore.Mvc.Infrastructure.ResourceInvoker.<InvokeAsync>g__Awaited|17_0(ResourceInvoker invoker, Task task, IDisposable scope)
   at Microsoft.AspNetCore.Authorization.AuthorizationMiddleware.Invoke(HttpContext context)
   at Microsoft.AspNetCore.Authentication.AuthenticationMiddleware.Invoke(HttpContext context)
   at Serilog.AspNetCore.RequestLoggingMiddleware.Invoke(HttpContext httpContext)
2026-05-04 12:51:26.666 +07:00 [WRN] AppException [409]: Số phòng 'HN101' đã tồn tại trong khách sạn này (kể cả phòng đã vô hiệu hóa).
2026-05-04 12:52:00.130 +07:00 [INF] HTTP OPTIONS /api/uploads/image responded 204 in 0.1047 ms
2026-05-04 12:52:00.137 +07:00 [INF] HTTP POST /api/uploads/image responded 200 in 3.2556 ms
2026-05-04 12:52:00.148 +07:00 [INF] HTTP GET /uploads/202605/873f58b9c0fa44c9a3b84aa270ac10ac.jpg responded 200 in 1.2711 ms
2026-05-04 12:52:02.097 +07:00 [INF] HTTP OPTIONS /api/rooms responded 204 in 0.0770 ms
2026-05-04 12:52:02.174 +07:00 [INF] Room 'HN201' created in Hotel #2.
2026-05-04 12:52:02.178 +07:00 [INF] HTTP POST /api/rooms responded 201 in 78.5439 ms
2026-05-04 12:52:02.280 +07:00 [INF] HTTP GET /api/rooms responded 200 in 9.0930 ms
2026-05-04 12:52:06.426 +07:00 [INF] HTTP OPTIONS /api/hotels/all responded 204 in 0.0564 ms
2026-05-04 12:52:06.427 +07:00 [INF] HTTP OPTIONS /api/room-types/hotel/1 responded 204 in 0.0468 ms
2026-05-04 12:52:06.437 +07:00 [INF] HTTP GET /api/hotels/all responded 200 in 7.8512 ms
2026-05-04 12:52:06.441 +07:00 [INF] HTTP GET /api/room-types/hotel/1 responded 200 in 9.6950 ms
2026-05-04 12:52:09.879 +07:00 [INF] HTTP OPTIONS /api/uploads/image responded 204 in 0.0541 ms
2026-05-04 12:52:09.885 +07:00 [INF] HTTP POST /api/uploads/image responded 200 in 2.0145 ms
2026-05-04 12:52:09.897 +07:00 [INF] HTTP GET /uploads/202605/b5d869f5f0c04df6a9e0188b950ca814.jpg responded 200 in 0.5296 ms
2026-05-04 12:52:10.864 +07:00 [INF] HTTP OPTIONS /api/rooms/1 responded 204 in 0.0673 ms
2026-05-04 12:52:10.914 +07:00 [INF] HTTP PUT /api/rooms/1 responded 200 in 47.2287 ms
2026-05-04 12:52:11.000 +07:00 [INF] HTTP OPTIONS /api/rooms responded 204 in 0.0540 ms
2026-05-04 12:52:11.018 +07:00 [INF] HTTP GET /api/rooms responded 200 in 14.3998 ms
2026-05-04 12:52:16.077 +07:00 [INF] HTTP OPTIONS /api/hotels/all responded 204 in 0.0545 ms
2026-05-04 12:52:16.078 +07:00 [INF] HTTP OPTIONS /api/room-types/hotel/1 responded 204 in 0.0336 ms
2026-05-04 12:52:16.089 +07:00 [INF] HTTP GET /api/room-types/hotel/1 responded 200 in 7.6184 ms
2026-05-04 12:52:16.089 +07:00 [INF] HTTP GET /api/hotels/all responded 200 in 9.0205 ms
2026-05-04 12:52:23.936 +07:00 [INF] HTTP OPTIONS /api/uploads/image responded 204 in 0.0535 ms
2026-05-04 12:52:23.941 +07:00 [INF] HTTP POST /api/uploads/image responded 200 in 2.0483 ms
2026-05-04 12:52:23.965 +07:00 [INF] HTTP GET /uploads/202605/14b8cbed619f4a488c5594f3366b28ac.jpg responded 200 in 1.4442 ms
2026-05-04 12:52:25.194 +07:00 [INF] HTTP OPTIONS /api/rooms/2 responded 204 in 0.0508 ms
2026-05-04 12:52:25.213 +07:00 [INF] HTTP PUT /api/rooms/2 responded 200 in 15.8426 ms
2026-05-04 12:52:25.301 +07:00 [INF] HTTP OPTIONS /api/rooms responded 204 in 0.0498 ms
2026-05-04 12:52:25.314 +07:00 [INF] HTTP GET /api/rooms responded 200 in 10.3865 ms
2026-05-04 12:52:28.588 +07:00 [INF] HTTP OPTIONS /api/hotels/all responded 204 in 0.0487 ms
2026-05-04 12:52:28.589 +07:00 [INF] HTTP OPTIONS /api/room-types/hotel/1 responded 204 in 0.0253 ms
2026-05-04 12:52:28.600 +07:00 [INF] HTTP GET /api/hotels/all responded 200 in 8.5786 ms
2026-05-04 12:52:28.600 +07:00 [INF] HTTP GET /api/room-types/hotel/1 responded 200 in 7.6246 ms
2026-05-04 12:52:33.079 +07:00 [INF] HTTP OPTIONS /api/uploads/image responded 204 in 0.0806 ms
2026-05-04 12:52:33.085 +07:00 [INF] HTTP POST /api/uploads/image responded 200 in 2.2621 ms
2026-05-04 12:52:33.100 +07:00 [INF] HTTP GET /uploads/202605/5fb7bad542924a3689df459d3b6bd10f.jpg responded 200 in 1.0246 ms
2026-05-04 12:52:34.459 +07:00 [INF] HTTP OPTIONS /api/rooms/3 responded 204 in 0.0703 ms
2026-05-04 12:52:34.476 +07:00 [INF] HTTP PUT /api/rooms/3 responded 200 in 14.3997 ms
2026-05-04 12:52:34.574 +07:00 [INF] HTTP OPTIONS /api/rooms responded 204 in 0.0504 ms
2026-05-04 12:52:34.585 +07:00 [INF] HTTP GET /api/rooms responded 200 in 8.2801 ms
2026-05-04 12:52:38.801 +07:00 [INF] HTTP OPTIONS /api/hotels/all responded 204 in 0.0414 ms
2026-05-04 12:52:38.802 +07:00 [INF] HTTP OPTIONS /api/room-types/hotel/1 responded 204 in 0.0126 ms
2026-05-04 12:52:38.812 +07:00 [INF] HTTP GET /api/room-types/hotel/1 responded 200 in 7.2281 ms
2026-05-04 12:52:38.812 +07:00 [INF] HTTP GET /api/hotels/all responded 200 in 8.3303 ms
2026-05-04 12:52:46.410 +07:00 [INF] HTTP OPTIONS /api/uploads/image responded 204 in 0.0277 ms
2026-05-04 12:52:46.414 +07:00 [INF] HTTP POST /api/uploads/image responded 200 in 1.7465 ms
2026-05-04 12:52:46.430 +07:00 [INF] HTTP GET /uploads/202605/42a199d928fb4c41b85a1c2bf1c2f328.jpg responded 200 in 0.8465 ms
2026-05-04 12:52:47.313 +07:00 [INF] HTTP OPTIONS /api/rooms/4 responded 204 in 0.0432 ms
2026-05-04 12:52:47.333 +07:00 [INF] HTTP PUT /api/rooms/4 responded 200 in 16.0334 ms
2026-05-04 12:52:47.419 +07:00 [INF] HTTP OPTIONS /api/rooms responded 204 in 0.0395 ms
2026-05-04 12:52:47.433 +07:00 [INF] HTTP GET /api/rooms responded 200 in 9.8583 ms
2026-05-04 12:52:50.175 +07:00 [INF] HTTP OPTIONS /api/hotels/all responded 204 in 0.0470 ms
2026-05-04 12:52:50.175 +07:00 [INF] HTTP OPTIONS /api/room-types/hotel/1 responded 204 in 0.0150 ms
2026-05-04 12:52:50.187 +07:00 [INF] HTTP GET /api/room-types/hotel/1 responded 200 in 8.0974 ms
2026-05-04 12:52:50.187 +07:00 [INF] HTTP GET /api/hotels/all responded 200 in 9.0623 ms
2026-05-04 12:52:57.861 +07:00 [INF] HTTP OPTIONS /api/uploads/image responded 204 in 0.0368 ms
2026-05-04 12:52:57.866 +07:00 [INF] HTTP POST /api/uploads/image responded 200 in 1.8789 ms
2026-05-04 12:52:57.878 +07:00 [INF] HTTP GET /uploads/202605/d3db65df8a0d4c07a5d718fc8534f3cf.jpg responded 200 in 0.6239 ms
2026-05-04 12:52:58.954 +07:00 [INF] HTTP OPTIONS /api/rooms/5 responded 204 in 0.0373 ms
2026-05-04 12:52:58.972 +07:00 [INF] HTTP PUT /api/rooms/5 responded 200 in 15.4070 ms
2026-05-04 12:52:59.063 +07:00 [INF] HTTP OPTIONS /api/rooms responded 204 in 0.0287 ms
2026-05-04 12:52:59.074 +07:00 [INF] HTTP GET /api/rooms responded 200 in 8.2977 ms
2026-05-04 12:53:22.152 +07:00 [INF] HTTP OPTIONS /api/auth/login responded 204 in 0.0418 ms
2026-05-04 12:53:22.163 +07:00 [INF] POST /api/auth/login — Email: Test12@example.com
2026-05-04 12:53:22.399 +07:00 [INF] User 'Test12' logged in.
2026-05-04 12:53:22.400 +07:00 [INF] HTTP POST /api/auth/login responded 200 in 244.1500 ms
2026-05-04 12:53:22.404 +07:00 [INF] HTTP OPTIONS /api/session/runtime-id responded 204 in 0.0307 ms
2026-05-04 12:53:22.409 +07:00 [INF] HTTP GET /api/session/runtime-id responded 200 in 0.8126 ms
2026-05-04 12:53:22.436 +07:00 [INF] HTTP OPTIONS /api/hotels/all responded 204 in 0.0455 ms
2026-05-04 12:53:22.437 +07:00 [INF] HTTP OPTIONS /api/rooms responded 204 in 0.0449 ms
2026-05-04 12:53:22.451 +07:00 [INF] HTTP GET /api/hotels/all responded 200 in 11.2657 ms
2026-05-04 12:53:22.451 +07:00 [INF] HTTP GET /api/rooms responded 200 in 10.0532 ms
2026-05-04 12:53:22.532 +07:00 [INF] HTTP GET /uploads/202605/5fb7bad542924a3689df459d3b6bd10f.jpg responded 304 in 0.5020 ms
2026-05-04 12:53:22.532 +07:00 [INF] HTTP GET /uploads/202605/873f58b9c0fa44c9a3b84aa270ac10ac.jpg responded 304 in 0.2017 ms
2026-05-04 12:53:22.532 +07:00 [INF] HTTP GET /uploads/202605/b5d869f5f0c04df6a9e0188b950ca814.jpg responded 304 in 1.2577 ms
2026-05-04 12:53:22.532 +07:00 [INF] HTTP GET /uploads/202605/14b8cbed619f4a488c5594f3366b28ac.jpg responded 304 in 0.6122 ms
2026-05-04 12:53:22.532 +07:00 [INF] HTTP GET /uploads/202605/42a199d928fb4c41b85a1c2bf1c2f328.jpg responded 304 in 0.1094 ms
2026-05-04 12:53:22.535 +07:00 [INF] HTTP GET /uploads/202605/d3db65df8a0d4c07a5d718fc8534f3cf.jpg responded 304 in 0.1858 ms
2026-05-04 12:53:24.896 +07:00 [INF] HTTP GET /api/hotels/all responded 200 in 9.0978 ms
2026-05-04 12:53:24.899 +07:00 [INF] HTTP OPTIONS /api/rooms responded 204 in 0.0394 ms
2026-05-04 12:53:24.925 +07:00 [INF] HTTP GET /api/rooms responded 200 in 22.7991 ms
2026-05-04 12:53:25.596 +07:00 [INF] HTTP GET /api/rooms responded 200 in 10.4778 ms
2026-05-04 12:53:30.714 +07:00 [INF] HTTP OPTIONS /api/rooms/1 responded 204 in 0.0383 ms
2026-05-04 12:53:30.750 +07:00 [INF] HTTP GET /api/rooms/1 responded 200 in 33.3717 ms
2026-05-04 12:53:36.270 +07:00 [INF] HTTP OPTIONS /api/rooms/2 responded 204 in 0.0307 ms
2026-05-04 12:53:36.284 +07:00 [INF] HTTP GET /api/rooms/2 responded 200 in 11.7556 ms
2026-05-04 12:53:49.655 +07:00 [INF] HTTP OPTIONS /api/bookings/available-rooms responded 204 in 0.0505 ms
2026-05-04 12:53:49.706 +07:00 [INF] GET /api/bookings/available-rooms — CheckIn: "2026-05-05T00:00:00.0000000", CheckOut: "2026-05-06T00:00:00.0000000"
2026-05-04 12:53:49.748 +07:00 [INF] HTTP GET /api/bookings/available-rooms responded 200 in 87.2015 ms
2026-05-04 12:53:53.477 +07:00 [INF] HTTP OPTIONS /api/hotels/all responded 204 in 0.0411 ms
2026-05-04 12:53:53.481 +07:00 [INF] HTTP OPTIONS /api/rooms responded 204 in 0.0354 ms
2026-05-04 12:53:53.496 +07:00 [INF] HTTP GET /api/hotels/all responded 200 in 11.6695 ms
2026-05-04 12:53:53.496 +07:00 [INF] HTTP GET /api/rooms responded 200 in 10.6717 ms
2026-05-04 12:54:06.724 +07:00 [INF] HTTP OPTIONS /api/rooms responded 204 in 0.0401 ms
2026-05-04 12:54:06.738 +07:00 [INF] HTTP GET /api/rooms responded 200 in 10.1723 ms
2026-05-04 12:54:08.092 +07:00 [INF] HTTP OPTIONS /api/bookings/available-rooms responded 204 in 0.0305 ms
2026-05-04 12:54:08.108 +07:00 [INF] GET /api/bookings/available-rooms — CheckIn: "2026-05-05T00:00:00.0000000", CheckOut: "2026-05-06T00:00:00.0000000"
2026-05-04 12:54:08.113 +07:00 [INF] HTTP GET /api/bookings/available-rooms responded 200 in 15.8120 ms
2026-05-04 12:54:10.729 +07:00 [INF] HTTP OPTIONS /api/hotels/all responded 204 in 0.0302 ms
2026-05-04 12:54:10.746 +07:00 [INF] HTTP GET /api/rooms responded 200 in 12.3303 ms
2026-05-04 12:54:10.748 +07:00 [INF] HTTP GET /api/hotels/all responded 200 in 10.6339 ms
2026-05-04 12:54:10.767 +07:00 [INF] HTTP GET /uploads/202605/b5d869f5f0c04df6a9e0188b950ca814.jpg responded 304 in 0.2366 ms
2026-05-04 12:54:10.767 +07:00 [INF] HTTP GET /uploads/202605/14b8cbed619f4a488c5594f3366b28ac.jpg responded 304 in 0.1291 ms
2026-05-04 12:54:10.767 +07:00 [INF] HTTP GET /uploads/202605/5fb7bad542924a3689df459d3b6bd10f.jpg responded 304 in 0.0998 ms
2026-05-04 12:54:10.767 +07:00 [INF] HTTP GET /uploads/202605/873f58b9c0fa44c9a3b84aa270ac10ac.jpg responded 304 in 0.0869 ms
2026-05-04 12:54:10.768 +07:00 [INF] HTTP GET /uploads/202605/42a199d928fb4c41b85a1c2bf1c2f328.jpg responded 304 in 0.0847 ms
2026-05-04 12:54:10.768 +07:00 [INF] HTTP GET /uploads/202605/d3db65df8a0d4c07a5d718fc8534f3cf.jpg responded 304 in 0.1079 ms
2026-05-04 12:54:16.540 +07:00 [INF] HTTP OPTIONS /api/bookings/my-bookings responded 204 in 0.0346 ms
2026-05-04 12:54:16.563 +07:00 [INF] GET /api/bookings/my-bookings — UserId: 2
2026-05-04 12:54:16.643 +07:00 [INF] HTTP GET /api/bookings/my-bookings responded 200 in 98.0916 ms
2026-05-04 12:54:24.724 +07:00 [INF] HTTP OPTIONS /api/rooms responded 204 in 0.0337 ms
2026-05-04 12:54:24.738 +07:00 [INF] HTTP GET /api/rooms responded 200 in 10.6877 ms
2026-05-04 12:54:24.746 +07:00 [INF] HTTP GET /uploads/202605/5fb7bad542924a3689df459d3b6bd10f.jpg responded 304 in 0.1944 ms
2026-05-04 12:54:24.746 +07:00 [INF] HTTP GET /uploads/202605/b5d869f5f0c04df6a9e0188b950ca814.jpg responded 304 in 0.2514 ms
2026-05-04 12:54:24.746 +07:00 [INF] HTTP GET /uploads/202605/14b8cbed619f4a488c5594f3366b28ac.jpg responded 304 in 0.2515 ms
2026-05-04 12:54:24.746 +07:00 [INF] HTTP GET /uploads/202605/873f58b9c0fa44c9a3b84aa270ac10ac.jpg responded 304 in 0.0966 ms
2026-05-04 12:54:24.746 +07:00 [INF] HTTP GET /uploads/202605/42a199d928fb4c41b85a1c2bf1c2f328.jpg responded 304 in 0.1014 ms
2026-05-04 12:54:24.746 +07:00 [INF] HTTP GET /uploads/202605/d3db65df8a0d4c07a5d718fc8534f3cf.jpg responded 304 in 0.0810 ms
2026-05-04 12:54:26.098 +07:00 [INF] HTTP OPTIONS /api/bookings/available-rooms responded 204 in 0.0319 ms
2026-05-04 12:54:26.115 +07:00 [INF] GET /api/bookings/available-rooms — CheckIn: "2026-05-05T00:00:00.0000000", CheckOut: "2026-05-06T00:00:00.0000000"
2026-05-04 12:54:26.119 +07:00 [INF] HTTP GET /api/bookings/available-rooms responded 200 in 13.0677 ms
2026-05-04 12:54:29.867 +07:00 [INF] HTTP OPTIONS /api/rateplans responded 204 in 0.0301 ms
2026-05-04 12:54:29.900 +07:00 [INF] HTTP GET /api/rateplans responded 200 in 28.6151 ms
2026-05-04 12:54:29.903 +07:00 [INF] HTTP OPTIONS /api/bookings responded 204 in 0.0309 ms
2026-05-04 12:54:29.923 +07:00 [INF] POST /api/bookings — Guest: 2, RatePlan: 1, Rooms: [2]
2026-05-04 12:54:30.066 +07:00 [WRN] Compiling a query which loads related collections for more than one collection navigation, either via 'Include' or through projection, but no 'QuerySplittingBehavior' has been configured. By default, Entity Framework will use 'QuerySplittingBehavior.SingleQuery', which can potentially result in slow query performance. See https://go.microsoft.com/fwlink/?linkid=2134277 for more information. To identify the query that's triggering this warning call 'ConfigureWarnings(w => w.Throw(RelationalEventId.MultipleCollectionIncludeWarning))'.
2026-05-04 12:54:30.146 +07:00 [INF] Booking #8 created successfully.
2026-05-04 12:54:30.154 +07:00 [INF] HTTP POST /api/bookings responded 201 in 248.7214 ms
2026-05-04 12:54:32.192 +07:00 [INF] HTTP OPTIONS /api/bookings/8 responded 204 in 0.0375 ms
2026-05-04 12:54:32.207 +07:00 [INF] GET /api/bookings/8
2026-05-04 12:54:32.226 +07:00 [INF] HTTP GET /api/bookings/8 responded 200 in 30.5663 ms
2026-05-04 12:54:32.229 +07:00 [INF] HTTP OPTIONS /api/invoices/booking/8 responded 204 in 0.0269 ms
2026-05-04 12:54:32.249 +07:00 [WRN] Compiling a query which loads related collections for more than one collection navigation, either via 'Include' or through projection, but no 'QuerySplittingBehavior' has been configured. By default, Entity Framework will use 'QuerySplittingBehavior.SingleQuery', which can potentially result in slow query performance. See https://go.microsoft.com/fwlink/?linkid=2134277 for more information. To identify the query that's triggering this warning call 'ConfigureWarnings(w => w.Throw(RelationalEventId.MultipleCollectionIncludeWarning))'.
2026-05-04 12:54:32.284 +07:00 [INF] HTTP GET /api/invoices/booking/8 responded 200 in 52.6888 ms
2026-05-04 12:54:36.697 +07:00 [INF] HTTP OPTIONS /api/payments responded 204 in 0.0520 ms
2026-05-04 12:54:36.788 +07:00 [INF] HTTP POST /api/payments responded 201 in 88.0334 ms
2026-05-04 12:54:39.320 +07:00 [INF] HTTP OPTIONS /api/rooms responded 204 in 0.0342 ms
2026-05-04 12:54:39.320 +07:00 [INF] HTTP OPTIONS /api/hotels/all responded 204 in 0.0342 ms
2026-05-04 12:54:39.336 +07:00 [INF] HTTP GET /api/hotels/all responded 200 in 10.0209 ms
2026-05-04 12:54:39.336 +07:00 [INF] HTTP GET /api/rooms responded 200 in 10.0387 ms
2026-05-04 12:54:39.358 +07:00 [INF] HTTP GET /uploads/202605/5fb7bad542924a3689df459d3b6bd10f.jpg responded 304 in 0.1659 ms
2026-05-04 12:54:39.358 +07:00 [INF] HTTP GET /uploads/202605/873f58b9c0fa44c9a3b84aa270ac10ac.jpg responded 304 in 0.1196 ms
2026-05-04 12:54:39.358 +07:00 [INF] HTTP GET /uploads/202605/14b8cbed619f4a488c5594f3366b28ac.jpg responded 304 in 0.2167 ms
2026-05-04 12:54:39.358 +07:00 [INF] HTTP GET /uploads/202605/b5d869f5f0c04df6a9e0188b950ca814.jpg responded 304 in 0.2097 ms
2026-05-04 12:54:39.358 +07:00 [INF] HTTP GET /uploads/202605/42a199d928fb4c41b85a1c2bf1c2f328.jpg responded 304 in 0.0865 ms
2026-05-04 12:54:39.360 +07:00 [INF] HTTP GET /uploads/202605/d3db65df8a0d4c07a5d718fc8534f3cf.jpg responded 304 in 0.2163 ms
2026-05-04 12:54:41.711 +07:00 [INF] HTTP OPTIONS /api/bookings/my-bookings responded 204 in 0.0510 ms
2026-05-04 12:54:41.722 +07:00 [INF] GET /api/bookings/my-bookings — UserId: 2
2026-05-04 12:54:41.726 +07:00 [INF] HTTP GET /api/bookings/my-bookings responded 200 in 11.9909 ms
2026-05-04 12:54:59.564 +07:00 [INF] HTTP OPTIONS /api/bookings/8 responded 204 in 0.0458 ms
2026-05-04 12:54:59.582 +07:00 [INF] DELETE /api/bookings/8
2026-05-04 12:54:59.598 +07:00 [INF] Booking #8 đã bị hủy.
2026-05-04 12:54:59.600 +07:00 [INF] HTTP DELETE /api/bookings/8 responded 200 in 31.3414 ms
2026-05-04 12:54:59.605 +07:00 [INF] HTTP OPTIONS /api/bookings/my-bookings responded 204 in 0.0273 ms
2026-05-04 12:54:59.613 +07:00 [INF] GET /api/bookings/my-bookings — UserId: 2
2026-05-04 12:54:59.616 +07:00 [INF] HTTP GET /api/bookings/my-bookings responded 200 in 8.6271 ms
2026-05-04 12:55:05.262 +07:00 [INF] HTTP OPTIONS /api/bookings responded 204 in 0.0453 ms
2026-05-04 12:55:05.282 +07:00 [INF] GET /api/bookings — Page: 1, Filter: {"GuestName":null,"Status":null,"CheckInFrom":null,"CheckInTo":null,"Page":1,"PageSize":20,"$type":"BookingFilterDto"}
2026-05-04 12:55:05.335 +07:00 [INF] HTTP GET /api/bookings responded 200 in 67.1998 ms
2026-05-04 12:55:18.834 +07:00 [INF] SignalR Disconnected: ConnId=e_-PVdDA55BDsr8jBwYTPg
2026-05-04 12:55:18.836 +07:00 [INF] HTTP GET /hubs/room responded 101 in 291664.5798 ms
2026-05-04 12:55:18.992 +07:00 [INF] HTTP OPTIONS /api/session/runtime-id responded 204 in 0.0533 ms
2026-05-04 12:55:18.996 +07:00 [INF] HTTP GET /api/session/runtime-id responded 200 in 0.3981 ms
2026-05-04 12:55:19.209 +07:00 [INF] HTTP OPTIONS /api/bookings responded 204 in 0.0339 ms
2026-05-04 12:55:19.235 +07:00 [INF] GET /api/bookings — Page: 1, Filter: {"GuestName":null,"Status":null,"CheckInFrom":null,"CheckInTo":null,"Page":1,"PageSize":20,"$type":"BookingFilterDto"}
2026-05-04 12:55:19.245 +07:00 [INF] HTTP GET /api/bookings responded 200 in 24.2069 ms
2026-05-04 12:55:19.282 +07:00 [INF] HTTP OPTIONS /hubs/room/negotiate responded 204 in 0.0453 ms
2026-05-04 12:55:19.286 +07:00 [INF] HTTP POST /hubs/room/negotiate responded 200 in 0.5609 ms
2026-05-04 12:55:19.466 +07:00 [INF] SignalR Connected: UserId=1, Role=, ConnId=DBtf8tYslorseA31_iyLdw
2026-05-04 12:55:34.041 +07:00 [INF] HTTP OPTIONS /api/bookings/checkout responded 204 in 0.0427 ms
2026-05-04 12:55:34.056 +07:00 [INF] PUT /api/bookings/checkout — BookingId: 7
2026-05-04 12:55:34.114 +07:00 [INF] Check-out thành công. Booking #7 — Phòng đã chuyển sang Dirty.
2026-05-04 12:55:34.115 +07:00 [INF] HTTP PUT /api/bookings/checkout responded 200 in 70.7892 ms
2026-05-04 12:55:34.210 +07:00 [INF] HTTP OPTIONS /api/bookings responded 204 in 0.0286 ms
2026-05-04 12:55:34.219 +07:00 [INF] GET /api/bookings — Page: 1, Filter: {"GuestName":null,"Status":null,"CheckInFrom":null,"CheckInTo":null,"Page":1,"PageSize":20,"$type":"BookingFilterDto"}
2026-05-04 12:55:34.227 +07:00 [INF] HTTP GET /api/bookings responded 200 in 14.0628 ms
2026-05-04 12:55:44.718 +07:00 [INF] HTTP OPTIONS /api/session/runtime-id responded 204 in 0.0273 ms
2026-05-04 12:55:44.721 +07:00 [INF] HTTP GET /api/session/runtime-id responded 200 in 0.2012 ms
2026-05-04 12:55:44.744 +07:00 [INF] HTTP OPTIONS /api/bookings/my-bookings responded 204 in 0.0318 ms
2026-05-04 12:55:44.754 +07:00 [INF] GET /api/bookings/my-bookings — UserId: 2
2026-05-04 12:55:44.757 +07:00 [INF] HTTP GET /api/bookings/my-bookings responded 200 in 10.0887 ms
2026-05-04 12:55:46.293 +07:00 [INF] HTTP OPTIONS /api/rooms responded 204 in 0.0399 ms
2026-05-04 12:55:46.304 +07:00 [INF] HTTP GET /api/rooms responded 200 in 8.4524 ms
2026-05-04 12:55:46.313 +07:00 [INF] HTTP GET /uploads/202605/5fb7bad542924a3689df459d3b6bd10f.jpg responded 304 in 0.1036 ms
2026-05-04 12:55:46.313 +07:00 [INF] HTTP GET /uploads/202605/14b8cbed619f4a488c5594f3366b28ac.jpg responded 304 in 0.3574 ms
2026-05-04 12:55:46.313 +07:00 [INF] HTTP GET /uploads/202605/b5d869f5f0c04df6a9e0188b950ca814.jpg responded 304 in 0.1306 ms
2026-05-04 12:55:46.313 +07:00 [INF] HTTP GET /uploads/202605/873f58b9c0fa44c9a3b84aa270ac10ac.jpg responded 304 in 0.0895 ms
2026-05-04 12:55:46.313 +07:00 [INF] HTTP GET /uploads/202605/42a199d928fb4c41b85a1c2bf1c2f328.jpg responded 304 in 0.0745 ms
2026-05-04 12:55:46.313 +07:00 [INF] HTTP GET /uploads/202605/d3db65df8a0d4c07a5d718fc8534f3cf.jpg responded 304 in 0.1613 ms
2026-05-04 12:56:09.902 +07:00 [INF] HTTP OPTIONS /api/auth/login responded 204 in 0.0292 ms
2026-05-04 12:56:09.913 +07:00 [INF] POST /api/auth/login — Email: nhanvienB@hotel.com
2026-05-04 12:56:09.916 +07:00 [ERR] HTTP POST /api/auth/login responded 500 in 9.4963 ms
HotelManagement.Exceptions.AppException: Email hoặc mật khẩu không đúng. không tìm thấy.
   at HotelManagement.Services.Implementations.AuthService.LoginAsync(LoginRequestDto dto) in C:\Users\MSI\source\Do_An_2\Backend\Services\Implementations\AuthService.cs:line 82
   at HotelManagement.Controllers.AuthController.Login(LoginRequestDto dto) in C:\Users\MSI\source\Do_An_2\Backend\Controllers\AuthController.cs:line 35
   at Microsoft.AspNetCore.Mvc.Infrastructure.ActionMethodExecutor.TaskOfIActionResultExecutor.Execute(ActionContext actionContext, IActionResultTypeMapper mapper, ObjectMethodExecutor executor, Object controller, Object[] arguments)
   at Microsoft.AspNetCore.Mvc.Infrastructure.ControllerActionInvoker.<InvokeActionMethodAsync>g__Awaited|12_0(ControllerActionInvoker invoker, ValueTask`1 actionResultValueTask)
   at Microsoft.AspNetCore.Mvc.Infrastructure.ControllerActionInvoker.<InvokeNextActionFilterAsync>g__Awaited|10_0(ControllerActionInvoker invoker, Task lastTask, State next, Scope scope, Object state, Boolean isCompleted)
   at Microsoft.AspNetCore.Mvc.Infrastructure.ControllerActionInvoker.Rethrow(ActionExecutedContextSealed context)
   at Microsoft.AspNetCore.Mvc.Infrastructure.ControllerActionInvoker.Next(State& next, Scope& scope, Object& state, Boolean& isCompleted)
   at Microsoft.AspNetCore.Mvc.Infrastructure.ControllerActionInvoker.<InvokeInnerFilterAsync>g__Awaited|13_0(ControllerActionInvoker invoker, Task lastTask, State next, Scope scope, Object state, Boolean isCompleted)
   at Microsoft.AspNetCore.Mvc.Infrastructure.ResourceInvoker.<InvokeFilterPipelineAsync>g__Awaited|20_0(ResourceInvoker invoker, Task lastTask, State next, Scope scope, Object state, Boolean isCompleted)
   at Microsoft.AspNetCore.Mvc.Infrastructure.ResourceInvoker.<InvokeAsync>g__Awaited|17_0(ResourceInvoker invoker, Task task, IDisposable scope)
   at Microsoft.AspNetCore.Mvc.Infrastructure.ResourceInvoker.<InvokeAsync>g__Awaited|17_0(ResourceInvoker invoker, Task task, IDisposable scope)
   at Microsoft.AspNetCore.Authorization.AuthorizationMiddleware.Invoke(HttpContext context)
   at Microsoft.AspNetCore.Authentication.AuthenticationMiddleware.Invoke(HttpContext context)
   at Serilog.AspNetCore.RequestLoggingMiddleware.Invoke(HttpContext httpContext)
2026-05-04 12:56:09.921 +07:00 [WRN] AppException [404]: Email hoặc mật khẩu không đúng. không tìm thấy.
2026-05-04 12:56:13.932 +07:00 [INF] HTTP OPTIONS /api/staff responded 204 in 0.0557 ms
2026-05-04 12:56:13.973 +07:00 [INF] GET /api/staff — 4 records
2026-05-04 12:56:13.977 +07:00 [INF] HTTP GET /api/staff responded 200 in 41.5141 ms
2026-05-04 12:56:21.135 +07:00 [INF] HTTP OPTIONS /api/auth/login responded 204 in 0.0278 ms
2026-05-04 12:56:21.144 +07:00 [INF] POST /api/auth/login — Email: B@hotel.com
2026-05-04 12:56:21.381 +07:00 [INF] User 'nhanvienB' logged in.
2026-05-04 12:56:21.382 +07:00 [INF] HTTP POST /api/auth/login responded 200 in 245.2056 ms
2026-05-04 12:56:21.386 +07:00 [INF] HTTP OPTIONS /api/session/runtime-id responded 204 in 0.0224 ms
2026-05-04 12:56:21.389 +07:00 [INF] HTTP GET /api/session/runtime-id responded 200 in 0.2133 ms
2026-05-04 12:56:21.455 +07:00 [INF] HTTP OPTIONS /api/rooms responded 204 in 0.0471 ms
2026-05-04 12:56:21.471 +07:00 [INF] HTTP GET /api/rooms responded 200 in 9.7528 ms
2026-05-04 12:56:21.508 +07:00 [INF] HTTP OPTIONS /hubs/room/negotiate responded 204 in 0.0429 ms
2026-05-04 12:56:21.509 +07:00 [INF] HTTP OPTIONS /hubs/room/negotiate responded 204 in 0.0405 ms
2026-05-04 12:56:21.511 +07:00 [INF] HTTP POST /hubs/room/negotiate responded 200 in 0.3342 ms
2026-05-04 12:56:21.513 +07:00 [INF] HTTP POST /hubs/room/negotiate responded 200 in 0.2853 ms
2026-05-04 12:56:21.536 +07:00 [INF] HTTP GET /uploads/202605/b5d869f5f0c04df6a9e0188b950ca814.jpg responded 304 in 0.1710 ms
2026-05-04 12:56:21.536 +07:00 [INF] HTTP GET /uploads/202605/14b8cbed619f4a488c5594f3366b28ac.jpg responded 304 in 0.0787 ms
2026-05-04 12:56:21.538 +07:00 [INF] HTTP GET /uploads/202605/5fb7bad542924a3689df459d3b6bd10f.jpg responded 304 in 0.1620 ms
2026-05-04 12:56:21.538 +07:00 [INF] HTTP GET /uploads/202605/873f58b9c0fa44c9a3b84aa270ac10ac.jpg responded 304 in 0.0963 ms
2026-05-04 12:56:21.538 +07:00 [INF] HTTP GET /uploads/202605/42a199d928fb4c41b85a1c2bf1c2f328.jpg responded 304 in 0.0746 ms
2026-05-04 12:56:21.538 +07:00 [INF] HTTP GET /uploads/202605/d3db65df8a0d4c07a5d718fc8534f3cf.jpg responded 304 in 0.0833 ms
2026-05-04 12:56:21.567 +07:00 [INF] SignalR Connected: UserId=3, Role=, ConnId=ZFjfxHq8WLx7LACwbA-MEQ
2026-05-04 12:56:21.586 +07:00 [INF] SignalR Connected: UserId=3, Role=, ConnId=QKcc46vc-TykxQPBCtAQ1w
2026-05-04 12:56:28.945 +07:00 [INF] HTTP OPTIONS /api/auth/logout responded 204 in 0.0392 ms
2026-05-04 12:56:28.945 +07:00 [INF] SignalR Disconnected: ConnId=QKcc46vc-TykxQPBCtAQ1w
2026-05-04 12:56:28.947 +07:00 [INF] HTTP GET /hubs/room responded 101 in 7362.5906 ms
2026-05-04 12:56:28.971 +07:00 [INF] POST /api/auth/logout — UserId: 3
2026-05-04 12:56:28.989 +07:00 [INF] RefreshToken revoked during logout.
2026-05-04 12:56:28.990 +07:00 [INF] HTTP POST /api/auth/logout responded 200 in 30.5206 ms
2026-05-04 12:56:35.752 +07:00 [INF] HTTP OPTIONS /api/auth/login responded 204 in 0.0268 ms
2026-05-04 12:56:35.764 +07:00 [INF] POST /api/auth/login — Email: A@hotel.com
2026-05-04 12:56:35.997 +07:00 [INF] User 'nhanvienA' logged in.
2026-05-04 12:56:35.998 +07:00 [INF] HTTP POST /api/auth/login responded 200 in 240.9646 ms
2026-05-04 12:56:36.001 +07:00 [INF] HTTP OPTIONS /api/session/runtime-id responded 204 in 0.0336 ms
2026-05-04 12:56:36.013 +07:00 [INF] HTTP GET /api/session/runtime-id responded 200 in 0.3676 ms
2026-05-04 12:56:36.017 +07:00 [INF] HTTP OPTIONS /api/rooms responded 204 in 0.0746 ms
2026-05-04 12:56:36.031 +07:00 [INF] HTTP GET /api/rooms responded 200 in 9.8301 ms
2026-05-04 12:56:36.039 +07:00 [INF] HTTP OPTIONS /hubs/room/negotiate responded 204 in 0.0348 ms
2026-05-04 12:56:36.039 +07:00 [INF] HTTP OPTIONS /hubs/room/negotiate responded 204 in 0.0237 ms
2026-05-04 12:56:36.042 +07:00 [INF] HTTP POST /hubs/room/negotiate responded 200 in 0.3793 ms
2026-05-04 12:56:36.057 +07:00 [INF] HTTP POST /hubs/room/negotiate responded 200 in 0.3280 ms
2026-05-04 12:56:36.081 +07:00 [INF] SignalR Connected: UserId=4, Role=, ConnId=hQ2-els0xmGdG9IW8oFGIw
2026-05-04 12:56:36.104 +07:00 [INF] SignalR Connected: UserId=4, Role=, ConnId=ekJDtEt--E2GKLZ5j0tg-w
2026-05-04 12:56:39.971 +07:00 [INF] HTTP OPTIONS /api/rooms/1 responded 204 in 0.0464 ms
2026-05-04 12:56:39.982 +07:00 [INF] HTTP GET /api/rooms/1 responded 200 in 8.2891 ms
2026-05-04 12:56:44.433 +07:00 [INF] HTTP OPTIONS /api/housekeeping responded 204 in 0.0356 ms
2026-05-04 12:56:44.496 +07:00 [INF] HTTP GET /api/housekeeping responded 200 in 58.5333 ms
2026-05-04 12:56:48.121 +07:00 [INF] HTTP OPTIONS /api/housekeeping/2/status responded 204 in 0.0338 ms
2026-05-04 12:56:48.151 +07:00 [INF] HousekeepingTask #2 status: "Pending" → "InProgress" by User #4.
2026-05-04 12:56:48.174 +07:00 [INF] HTTP PUT /api/housekeeping/2/status responded 200 in 49.8965 ms
2026-05-04 12:56:54.169 +07:00 [INF] HTTP OPTIONS /api/housekeeping/2/status responded 204 in 0.0322 ms
2026-05-04 12:56:54.179 +07:00 [INF] Room #1 (D101) → Available after cleaning task #2.
2026-05-04 12:56:54.185 +07:00 [INF] HousekeepingTask #2 status: "InProgress" → "Completed" by User #4.
2026-05-04 12:56:54.188 +07:00 [INF] HTTP PUT /api/housekeeping/2/status responded 200 in 16.3073 ms
2026-05-04 12:57:02.007 +07:00 [INF] HTTP OPTIONS /api/session/runtime-id responded 204 in 0.0258 ms
2026-05-04 12:57:02.011 +07:00 [INF] HTTP GET /api/session/runtime-id responded 200 in 0.2094 ms
2026-05-04 12:57:02.034 +07:00 [INF] HTTP OPTIONS /api/rooms responded 204 in 0.0304 ms
2026-05-04 12:57:02.046 +07:00 [INF] HTTP GET /api/rooms responded 200 in 8.9201 ms
2026-05-04 12:57:02.058 +07:00 [INF] HTTP GET /uploads/202605/b5d869f5f0c04df6a9e0188b950ca814.jpg responded 304 in 0.1814 ms
2026-05-04 12:57:02.060 +07:00 [INF] HTTP GET /uploads/202605/d3db65df8a0d4c07a5d718fc8534f3cf.jpg responded 304 in 0.1030 ms
2026-05-04 12:57:02.059 +07:00 [INF] HTTP GET /uploads/202605/14b8cbed619f4a488c5594f3366b28ac.jpg responded 304 in 0.0978 ms
2026-05-04 12:57:02.059 +07:00 [INF] HTTP GET /uploads/202605/5fb7bad542924a3689df459d3b6bd10f.jpg responded 304 in 0.0930 ms
2026-05-04 12:57:02.059 +07:00 [INF] HTTP GET /uploads/202605/873f58b9c0fa44c9a3b84aa270ac10ac.jpg responded 304 in 0.0764 ms
2026-05-04 12:57:02.060 +07:00 [INF] HTTP GET /uploads/202605/42a199d928fb4c41b85a1c2bf1c2f328.jpg responded 304 in 0.0858 ms
2026-05-04 12:57:11.387 +07:00 [INF] HTTP OPTIONS /api/promotions responded 204 in 0.0351 ms
2026-05-04 12:57:11.445 +07:00 [INF] HTTP GET /api/promotions responded 200 in 54.5085 ms
2026-05-04 12:57:11.975 +07:00 [INF] HTTP OPTIONS /api/rateplans responded 204 in 0.0622 ms
2026-05-04 12:57:11.999 +07:00 [INF] HTTP GET /api/rateplans responded 200 in 19.7417 ms
2026-05-04 12:57:14.994 +07:00 [INF] HTTP OPTIONS /api/guests responded 204 in 0.0479 ms
2026-05-04 12:57:15.036 +07:00 [INF] HTTP GET /api/guests responded 200 in 38.3292 ms
2026-05-04 12:57:15.291 +07:00 [INF] HTTP OPTIONS /api/housekeeping responded 204 in 0.0517 ms
2026-05-04 12:57:15.302 +07:00 [INF] HTTP GET /api/housekeeping responded 200 in 7.7715 ms
2026-05-04 12:57:15.650 +07:00 [INF] HTTP OPTIONS /api/payments responded 204 in 0.0382 ms
2026-05-04 12:57:15.695 +07:00 [INF] HTTP GET /api/payments responded 200 in 40.7588 ms
2026-05-04 12:57:17.392 +07:00 [INF] HTTP OPTIONS /api/invoices responded 204 in 0.0363 ms
2026-05-04 12:57:17.437 +07:00 [WRN] Compiling a query which loads related collections for more than one collection navigation, either via 'Include' or through projection, but no 'QuerySplittingBehavior' has been configured. By default, Entity Framework will use 'QuerySplittingBehavior.SingleQuery', which can potentially result in slow query performance. See https://go.microsoft.com/fwlink/?linkid=2134277 for more information. To identify the query that's triggering this warning call 'ConfigureWarnings(w => w.Throw(RelationalEventId.MultipleCollectionIncludeWarning))'.
2026-05-04 12:57:17.468 +07:00 [INF] HTTP GET /api/invoices responded 200 in 72.0723 ms
2026-05-04 12:57:18.099 +07:00 [INF] HTTP GET /api/housekeeping responded 200 in 9.4773 ms
2026-05-04 12:57:19.692 +07:00 [INF] HTTP OPTIONS /api/bookings responded 204 in 0.0353 ms
2026-05-04 12:57:19.703 +07:00 [INF] GET /api/bookings — Page: 1, Filter: {"GuestName":null,"Status":null,"CheckInFrom":null,"CheckInTo":null,"Page":1,"PageSize":20,"$type":"BookingFilterDto"}
2026-05-04 12:57:19.711 +07:00 [INF] HTTP GET /api/bookings responded 200 in 15.6599 ms
2026-05-04 12:57:22.850 +07:00 [INF] HTTP OPTIONS /api/rooms responded 204 in 0.0406 ms
2026-05-04 12:57:22.863 +07:00 [INF] HTTP GET /api/rooms responded 200 in 8.5885 ms
2026-05-04 12:57:29.552 +07:00 [INF] HTTP OPTIONS /api/hotels/all responded 204 in 0.0419 ms
2026-05-04 12:57:29.554 +07:00 [INF] HTTP OPTIONS /api/room-types/all responded 204 in 0.0497 ms
2026-05-04 12:57:29.566 +07:00 [INF] HTTP GET /api/hotels/all responded 200 in 10.1450 ms
2026-05-04 12:57:29.567 +07:00 [INF] HTTP GET /api/room-types/all responded 200 in 9.5956 ms
2026-05-04 12:57:31.279 +07:00 [INF] HTTP OPTIONS /api/hotels responded 204 in 0.0378 ms
2026-05-04 12:57:31.306 +07:00 [INF] HTTP GET /api/hotels responded 200 in 23.5552 ms
2026-05-04 12:57:34.253 +07:00 [INF] SignalR Disconnected: ConnId=hQ2-els0xmGdG9IW8oFGIw
2026-05-04 12:57:34.253 +07:00 [INF] SignalR Disconnected: ConnId=ekJDtEt--E2GKLZ5j0tg-w
2026-05-04 12:57:34.254 +07:00 [INF] SignalR Disconnected: ConnId=ZFjfxHq8WLx7LACwbA-MEQ
2026-05-04 12:57:34.254 +07:00 [INF] HTTP GET /hubs/room responded 101 in 58174.8916 ms
2026-05-04 12:57:34.255 +07:00 [INF] HTTP GET /hubs/room responded 101 in 58152.8736 ms
2026-05-04 12:57:34.256 +07:00 [INF] HTTP GET /hubs/room responded 101 in 72692.4530 ms
2026-05-04 12:57:35.269 +07:00 [INF] SignalR Disconnected: ConnId=DBtf8tYslorseA31_iyLdw
2026-05-04 12:57:35.270 +07:00 [INF] HTTP GET /hubs/room responded 101 in 135833.3573 ms
