2026-05-30 11:16:38.447 +07:00 [WRN] The query uses the 'First'/'FirstOrDefault' operator without 'OrderBy' and filter operators. This may lead to unpredictable results.
2026-05-30 11:17:08.357 +07:00 [WRN] Failed to determine the https port for redirect.
2026-05-30 11:17:08.364 +07:00 [INF] HTTP OPTIONS /api/auth/login responded 204 in 3.0111 ms
2026-05-30 11:17:08.601 +07:00 [INF] POST /api/auth/login — Email: Test12@example.com
2026-05-30 11:17:08.943 +07:00 [INF] User 'Test12' logged in.
2026-05-30 11:17:08.975 +07:00 [INF] HTTP POST /api/auth/login responded 200 in 593.3226 ms
2026-05-30 11:17:08.982 +07:00 [INF] HTTP OPTIONS /api/session/runtime-id responded 204 in 0.3843 ms
2026-05-30 11:17:09.025 +07:00 [INF] HTTP OPTIONS /api/hotels/all responded 204 in 0.0920 ms
2026-05-30 11:17:09.025 +07:00 [INF] HTTP OPTIONS /api/rooms responded 204 in 0.0919 ms
2026-05-30 11:17:09.038 +07:00 [INF] HTTP GET /api/session/runtime-id responded 200 in 51.9610 ms
2026-05-30 11:17:09.211 +07:00 [INF] HTTP GET /api/hotels/all responded 200 in 181.2933 ms
2026-05-30 11:17:09.219 +07:00 [INF] HTTP GET /api/rooms responded 200 in 187.4096 ms
2026-05-30 11:17:09.260 +07:00 [INF] HTTP GET /uploads/202604/c595ef30523a44bb9d8d40075a4d9c8c.jpg responded 304 in 2.8050 ms
2026-05-30 11:17:09.260 +07:00 [INF] HTTP GET /uploads/202605/873f58b9c0fa44c9a3b84aa270ac10ac.jpg responded 304 in 2.8011 ms
2026-05-30 11:17:09.260 +07:00 [INF] HTTP GET /uploads/202605/5fb7bad542924a3689df459d3b6bd10f.jpg responded 304 in 2.7767 ms
2026-05-30 11:17:09.260 +07:00 [INF] HTTP GET /uploads/202605/42a199d928fb4c41b85a1c2bf1c2f328.jpg responded 304 in 2.4908 ms
2026-05-30 11:17:09.260 +07:00 [INF] HTTP GET /uploads/202605/b5d869f5f0c04df6a9e0188b950ca814.jpg responded 304 in 2.8012 ms
2026-05-30 11:17:09.260 +07:00 [INF] HTTP GET /uploads/202605/14b8cbed619f4a488c5594f3366b28ac.jpg responded 304 in 2.8394 ms
2026-05-30 11:17:09.267 +07:00 [INF] HTTP GET /uploads/202605/d3db65df8a0d4c07a5d718fc8534f3cf.jpg responded 304 in 0.2744 ms
2026-05-30 11:17:32.330 +07:00 [INF] HTTP OPTIONS /api/auth/login responded 204 in 0.1469 ms
2026-05-30 11:17:32.342 +07:00 [INF] POST /api/auth/login — Email: admin@hotel.com
2026-05-30 11:17:32.588 +07:00 [INF] User 'admin' logged in.
2026-05-30 11:17:32.590 +07:00 [INF] HTTP POST /api/auth/login responded 200 in 256.3107 ms
2026-05-30 11:17:32.594 +07:00 [INF] HTTP OPTIONS /api/session/runtime-id responded 204 in 0.0653 ms
2026-05-30 11:17:32.600 +07:00 [INF] HTTP GET /api/session/runtime-id responded 200 in 1.9062 ms
2026-05-30 11:17:32.669 +07:00 [INF] HTTP OPTIONS /api/reports/dashboard responded 204 in 0.0863 ms
2026-05-30 11:17:32.670 +07:00 [INF] HTTP OPTIONS /api/reports/revenue responded 204 in 0.0713 ms
2026-05-30 11:17:32.671 +07:00 [INF] HTTP OPTIONS /api/reports/top-rooms responded 204 in 0.1069 ms
2026-05-30 11:17:32.691 +07:00 [INF] HTTP OPTIONS /hubs/room/negotiate responded 204 in 0.1960 ms
2026-05-30 11:17:32.696 +07:00 [INF] GET /api/reports/top-rooms — Top: 5
2026-05-30 11:17:32.696 +07:00 [INF] GET /api/reports/revenue — From: "2026-05-23T00:00:00.0000000", To: "2026-05-30T00:00:00.0000000"
2026-05-30 11:17:32.722 +07:00 [INF] HTTP POST /hubs/room/negotiate responded 200 in 7.5572 ms
2026-05-30 11:17:32.749 +07:00 [ERR] HTTP GET /api/reports/top-rooms responded 500 in 73.3061 ms
System.InvalidOperationException: The LINQ expression 'RelationalGroupByShaperExpression:
KeySelector: new { 
    RoomId = b.room_id, 
    RoomNumber = r.room_number, 
    RoomTypeName = r0.name
 }, 
ElementSelector: new TransparentIdentifier<TransparentIdentifier<TransparentIdentifier<BookingRoom, Booking>, Room>, RoomType>(
    Outer = new TransparentIdentifier<TransparentIdentifier<BookingRoom, Booking>, Room>(
        Outer = new TransparentIdentifier<BookingRoom, Booking>(
            Outer = StructuralTypeShaperExpression(
                StructuralType: HotelManagement.Models.BookingRoom
                ValueBufferExpression: ProjectionBindingExpression: Outer.Outer.Outer
                IsNullable: False), 
            Inner = StructuralTypeShaperExpression(
                StructuralType: HotelManagement.Models.Booking
                ValueBufferExpression: ProjectionBindingExpression: Outer.Outer.Inner
                IsNullable: False)
        ), 
        Inner = StructuralTypeShaperExpression(
            StructuralType: HotelManagement.Models.Room
            ValueBufferExpression: ProjectionBindingExpression: Outer.Inner
            IsNullable: False)
    ), 
    Inner = StructuralTypeShaperExpression(
        StructuralType: HotelManagement.Models.RoomType
        ValueBufferExpression: ProjectionBindingExpression: Inner
        IsNullable: False)
), 
GroupingEnumerable:ShapedQueryExpression: 
    QueryExpression: 
        Projection Mapping:
            Outer.Outer.Outer -> StructuralTypeProjectionExpression: BookingRoom
            Outer.Outer.Inner -> StructuralTypeProjectionExpression: Booking
            Outer.Inner -> StructuralTypeProjectionExpression: Room
            Inner -> StructuralTypeProjectionExpression: RoomType
        SELECT 1
        FROM booking_rooms AS b1
        INNER JOIN bookings AS b2 ON b1.booking_id == b2.booking_id
        INNER JOIN rooms AS r1 ON b1.room_id == r1.room_id
        INNER JOIN room_types AS r2 ON r1.room_type_id == r2.room_type_id
        WHERE (((b2.status != 'Cancelled') && (b1.check_in_date >= @__from_0)) && (b1.check_in_date <= @__to_1)) && (((b.room_id == b1.room_id) && (r.room_number == r1.room_number)) && (r0.name == r2.name))
    ShaperExpression: new TransparentIdentifier<TransparentIdentifier<TransparentIdentifier<BookingRoom, Booking>, Room>, RoomType>(
            Outer = new TransparentIdentifier<TransparentIdentifier<BookingRoom, Booking>, Room>(
                Outer = new TransparentIdentifier<BookingRoom, Booking>(
                    Outer = StructuralTypeShaperExpression(
                        StructuralType: HotelManagement.Models.BookingRoom
                        ValueBufferExpression: ProjectionBindingExpression: Outer.Outer.Outer
                        IsNullable: False), 
                    Inner = StructuralTypeShaperExpression(
                        StructuralType: HotelManagement.Models.Booking
                        ValueBufferExpression: ProjectionBindingExpression: Outer.Outer.Inner
                        IsNullable: False)
                ), 
                Inner = StructuralTypeShaperExpression(
                    StructuralType: HotelManagement.Models.Room
                    ValueBufferExpression: ProjectionBindingExpression: Outer.Inner
                    IsNullable: False)
            ), 
            Inner = StructuralTypeShaperExpression(
                StructuralType: HotelManagement.Models.RoomType
                ValueBufferExpression: ProjectionBindingExpression: Inner
                IsNullable: False)
        )

    .AsQueryable()
    .Sum(e => e.Outer.Outer.Outer.PricePerNight * (decimal)(e.Outer.Outer.Outer.CheckOutDate - e.Outer.Outer.Outer.CheckInDate).Days)' could not be translated. Either rewrite the query in a form that can be translated, or switch to client evaluation explicitly by inserting a call to 'AsEnumerable', 'AsAsyncEnumerable', 'ToList', or 'ToListAsync'. See https://go.microsoft.com/fwlink/?linkid=2101038 for more information.
   at Microsoft.EntityFrameworkCore.Query.QueryableMethodTranslatingExpressionVisitor.Translate(Expression expression)
   at Microsoft.EntityFrameworkCore.Query.QueryableMethodTranslatingExpressionVisitor.TranslateSubquery(Expression expression)
   at Microsoft.EntityFrameworkCore.Query.RelationalSqlTranslatingExpressionVisitor.<VisitMethodCall>g__TranslateAsSubquery|33_0(Expression expression, <>c__DisplayClass33_0&)
   at Microsoft.EntityFrameworkCore.Query.RelationalSqlTranslatingExpressionVisitor.VisitMethodCall(MethodCallExpression methodCallExpression)
   at Pomelo.EntityFrameworkCore.MySql.Query.ExpressionVisitors.Internal.MySqlSqlTranslatingExpressionVisitor.CallBaseVisitMethodCall(MethodCallExpression methodCallExpression)
   at Pomelo.EntityFrameworkCore.MySql.Query.ExpressionVisitors.Internal.MySqlSqlTranslatingExpressionVisitor.VisitMethodCall(MethodCallExpression methodCallExpression)
   at Microsoft.EntityFrameworkCore.Query.RelationalSqlTranslatingExpressionVisitor.TranslateInternal(Expression expression, Boolean applyDefaultTypeMapping)
   at Microsoft.EntityFrameworkCore.Query.RelationalSqlTranslatingExpressionVisitor.TranslateProjection(Expression expression, Boolean applyDefaultTypeMapping)
   at Microsoft.EntityFrameworkCore.Query.Internal.RelationalProjectionBindingExpressionVisitor.Visit(Expression expression)
   at Microsoft.EntityFrameworkCore.Query.Internal.RelationalProjectionBindingExpressionVisitor.VisitMemberAssignment(MemberAssignment memberAssignment)
   at System.Linq.Expressions.ExpressionVisitor.VisitMemberBinding(MemberBinding node)
   at Microsoft.EntityFrameworkCore.Query.Internal.RelationalProjectionBindingExpressionVisitor.VisitMemberInit(MemberInitExpression memberInitExpression)
   at Microsoft.EntityFrameworkCore.Query.Internal.RelationalProjectionBindingExpressionVisitor.Visit(Expression expression)
   at Microsoft.EntityFrameworkCore.Query.Internal.RelationalProjectionBindingExpressionVisitor.Translate(SelectExpression selectExpression, Expression expression)
   at Microsoft.EntityFrameworkCore.Query.RelationalQueryableMethodTranslatingExpressionVisitor.TranslateSelect(ShapedQueryExpression source, LambdaExpression selector)
   at Microsoft.EntityFrameworkCore.Query.QueryableMethodTranslatingExpressionVisitor.VisitMethodCall(MethodCallExpression methodCallExpression)
   at Microsoft.EntityFrameworkCore.Query.RelationalQueryableMethodTranslatingExpressionVisitor.VisitMethodCall(MethodCallExpression methodCallExpression)
   at Microsoft.EntityFrameworkCore.Query.QueryableMethodTranslatingExpressionVisitor.VisitMethodCall(MethodCallExpression methodCallExpression)
   at Microsoft.EntityFrameworkCore.Query.RelationalQueryableMethodTranslatingExpressionVisitor.VisitMethodCall(MethodCallExpression methodCallExpression)
   at Microsoft.EntityFrameworkCore.Query.QueryableMethodTranslatingExpressionVisitor.VisitMethodCall(MethodCallExpression methodCallExpression)
   at Microsoft.EntityFrameworkCore.Query.RelationalQueryableMethodTranslatingExpressionVisitor.VisitMethodCall(MethodCallExpression methodCallExpression)
   at Microsoft.EntityFrameworkCore.Query.QueryableMethodTranslatingExpressionVisitor.VisitMethodCall(MethodCallExpression methodCallExpression)
   at Microsoft.EntityFrameworkCore.Query.RelationalQueryableMethodTranslatingExpressionVisitor.VisitMethodCall(MethodCallExpression methodCallExpression)
   at Microsoft.EntityFrameworkCore.Query.QueryableMethodTranslatingExpressionVisitor.Translate(Expression expression)
   at Microsoft.EntityFrameworkCore.Query.QueryCompilationContext.CreateQueryExecutorExpression[TResult](Expression query)
   at Microsoft.EntityFrameworkCore.Query.QueryCompilationContext.CreateQueryExecutor[TResult](Expression query)
   at Microsoft.EntityFrameworkCore.Storage.Database.CompileQuery[TResult](Expression query, Boolean async)
   at Microsoft.EntityFrameworkCore.Query.Internal.QueryCompiler.CompileQueryCore[TResult](IDatabase database, Expression query, IModel model, Boolean async)
   at Microsoft.EntityFrameworkCore.Query.Internal.QueryCompiler.<>c__DisplayClass11_0`1.<ExecuteCore>b__0()
   at Microsoft.EntityFrameworkCore.Query.Internal.CompiledQueryCache.GetOrAddQuery[TResult](Object cacheKey, Func`1 compiler)
   at Microsoft.EntityFrameworkCore.Query.Internal.QueryCompiler.ExecuteCore[TResult](Expression query, Boolean async, CancellationToken cancellationToken)
   at Microsoft.EntityFrameworkCore.Query.Internal.QueryCompiler.ExecuteAsync[TResult](Expression query, CancellationToken cancellationToken)
   at Microsoft.EntityFrameworkCore.Query.Internal.EntityQueryProvider.ExecuteAsync[TResult](Expression expression, CancellationToken cancellationToken)
   at Microsoft.EntityFrameworkCore.Query.Internal.EntityQueryable`1.GetAsyncEnumerator(CancellationToken cancellationToken)
   at System.Runtime.CompilerServices.ConfiguredCancelableAsyncEnumerable`1.GetAsyncEnumerator()
   at Microsoft.EntityFrameworkCore.EntityFrameworkQueryableExtensions.ToListAsync[TSource](IQueryable`1 source, CancellationToken cancellationToken)
   at HotelManagement.Controllers.ReportsController.GetTopRooms(DateTime from, DateTime to, Int32 top) in C:\Users\MSI\source\Do_An_2\Backend\Controllers\ReportsController.cs:line 192
   at Microsoft.AspNetCore.Mvc.Infrastructure.ActionMethodExecutor.TaskOfIActionResultExecutor.Execute(ActionContext actionContext, IActionResultTypeMapper mapper, ObjectMethodExecutor executor, Object controller, Object[] arguments)
   at Microsoft.AspNetCore.Mvc.Infrastructure.ControllerActionInvoker.<InvokeActionMethodAsync>g__Awaited|12_0(ControllerActionInvoker invoker, ValueTask`1 actionResultValueTask)
   at Microsoft.AspNetCore.Mvc.Infrastructure.ControllerActionInvoker.<InvokeNextActionFilterAsync>g__Awaited|10_0(ControllerActionInvoker invoker, Task lastTask, State next, Scope scope, Object state, Boolean isCompleted)
   at Microsoft.AspNetCore.Mvc.Infrastructure.ControllerActionInvoker.Rethrow(ActionExecutedContextSealed context)
   at Microsoft.AspNetCore.Mvc.Infrastructure.ControllerActionInvoker.Next(State& next, Scope& scope, Object& state, Boolean& isCompleted)
   at Microsoft.AspNetCore.Mvc.Infrastructure.ControllerActionInvoker.InvokeInnerFilterAsync()
--- End of stack trace from previous location ---
   at Microsoft.AspNetCore.Mvc.Infrastructure.ResourceInvoker.<InvokeFilterPipelineAsync>g__Awaited|20_0(ResourceInvoker invoker, Task lastTask, State next, Scope scope, Object state, Boolean isCompleted)
   at Microsoft.AspNetCore.Mvc.Infrastructure.ResourceInvoker.<InvokeAsync>g__Awaited|17_0(ResourceInvoker invoker, Task task, IDisposable scope)
   at Microsoft.AspNetCore.Mvc.Infrastructure.ResourceInvoker.<InvokeAsync>g__Awaited|17_0(ResourceInvoker invoker, Task task, IDisposable scope)
   at Microsoft.AspNetCore.Authorization.AuthorizationMiddleware.Invoke(HttpContext context)
   at Microsoft.AspNetCore.Authentication.AuthenticationMiddleware.Invoke(HttpContext context)
   at Serilog.AspNetCore.RequestLoggingMiddleware.Invoke(HttpContext httpContext)
2026-05-30 11:17:32.755 +07:00 [INF] SignalR Connected: UserId=1, Role=, ConnId=ejPOxTeHRjwUu9vMhBsgdw
2026-05-30 11:17:32.762 +07:00 [INF] HTTP GET /api/reports/revenue responded 200 in 87.8773 ms
2026-05-30 11:17:32.762 +07:00 [INF] HTTP GET /api/reports/dashboard responded 200 in 87.9467 ms
2026-05-30 11:17:32.805 +07:00 [ERR] Unhandled exception: The LINQ expression 'RelationalGroupByShaperExpression:
KeySelector: new { 
    RoomId = b.room_id, 
    RoomNumber = r.room_number, 
    RoomTypeName = r0.name
 }, 
ElementSelector: new TransparentIdentifier<TransparentIdentifier<TransparentIdentifier<BookingRoom, Booking>, Room>, RoomType>(
    Outer = new TransparentIdentifier<TransparentIdentifier<BookingRoom, Booking>, Room>(
        Outer = new TransparentIdentifier<BookingRoom, Booking>(
            Outer = StructuralTypeShaperExpression(
                StructuralType: HotelManagement.Models.BookingRoom
                ValueBufferExpression: ProjectionBindingExpression: Outer.Outer.Outer
                IsNullable: False), 
            Inner = StructuralTypeShaperExpression(
                StructuralType: HotelManagement.Models.Booking
                ValueBufferExpression: ProjectionBindingExpression: Outer.Outer.Inner
                IsNullable: False)
        ), 
        Inner = StructuralTypeShaperExpression(
            StructuralType: HotelManagement.Models.Room
            ValueBufferExpression: ProjectionBindingExpression: Outer.Inner
            IsNullable: False)
    ), 
    Inner = StructuralTypeShaperExpression(
        StructuralType: HotelManagement.Models.RoomType
        ValueBufferExpression: ProjectionBindingExpression: Inner
        IsNullable: False)
), 
GroupingEnumerable:ShapedQueryExpression: 
    QueryExpression: 
        Projection Mapping:
            Outer.Outer.Outer -> StructuralTypeProjectionExpression: BookingRoom
            Outer.Outer.Inner -> StructuralTypeProjectionExpression: Booking
            Outer.Inner -> StructuralTypeProjectionExpression: Room
            Inner -> StructuralTypeProjectionExpression: RoomType
        SELECT 1
        FROM booking_rooms AS b1
        INNER JOIN bookings AS b2 ON b1.booking_id == b2.booking_id
        INNER JOIN rooms AS r1 ON b1.room_id == r1.room_id
        INNER JOIN room_types AS r2 ON r1.room_type_id == r2.room_type_id
        WHERE (((b2.status != 'Cancelled') && (b1.check_in_date >= @__from_0)) && (b1.check_in_date <= @__to_1)) && (((b.room_id == b1.room_id) && (r.room_number == r1.room_number)) && (r0.name == r2.name))
    ShaperExpression: new TransparentIdentifier<TransparentIdentifier<TransparentIdentifier<BookingRoom, Booking>, Room>, RoomType>(
            Outer = new TransparentIdentifier<TransparentIdentifier<BookingRoom, Booking>, Room>(
                Outer = new TransparentIdentifier<BookingRoom, Booking>(
                    Outer = StructuralTypeShaperExpression(
                        StructuralType: HotelManagement.Models.BookingRoom
                        ValueBufferExpression: ProjectionBindingExpression: Outer.Outer.Outer
                        IsNullable: False), 
                    Inner = StructuralTypeShaperExpression(
                        StructuralType: HotelManagement.Models.Booking
                        ValueBufferExpression: ProjectionBindingExpression: Outer.Outer.Inner
                        IsNullable: False)
                ), 
                Inner = StructuralTypeShaperExpression(
                    StructuralType: HotelManagement.Models.Room
                    ValueBufferExpression: ProjectionBindingExpression: Outer.Inner
                    IsNullable: False)
            ), 
            Inner = StructuralTypeShaperExpression(
                StructuralType: HotelManagement.Models.RoomType
                ValueBufferExpression: ProjectionBindingExpression: Inner
                IsNullable: False)
        )

    .AsQueryable()
    .Sum(e => e.Outer.Outer.Outer.PricePerNight * (decimal)(e.Outer.Outer.Outer.CheckOutDate - e.Outer.Outer.Outer.CheckInDate).Days)' could not be translated. Either rewrite the query in a form that can be translated, or switch to client evaluation explicitly by inserting a call to 'AsEnumerable', 'AsAsyncEnumerable', 'ToList', or 'ToListAsync'. See https://go.microsoft.com/fwlink/?linkid=2101038 for more information.
System.InvalidOperationException: The LINQ expression 'RelationalGroupByShaperExpression:
KeySelector: new { 
    RoomId = b.room_id, 
    RoomNumber = r.room_number, 
    RoomTypeName = r0.name
 }, 
ElementSelector: new TransparentIdentifier<TransparentIdentifier<TransparentIdentifier<BookingRoom, Booking>, Room>, RoomType>(
    Outer = new TransparentIdentifier<TransparentIdentifier<BookingRoom, Booking>, Room>(
        Outer = new TransparentIdentifier<BookingRoom, Booking>(
            Outer = StructuralTypeShaperExpression(
                StructuralType: HotelManagement.Models.BookingRoom
                ValueBufferExpression: ProjectionBindingExpression: Outer.Outer.Outer
                IsNullable: False), 
            Inner = StructuralTypeShaperExpression(
                StructuralType: HotelManagement.Models.Booking
                ValueBufferExpression: ProjectionBindingExpression: Outer.Outer.Inner
                IsNullable: False)
        ), 
        Inner = StructuralTypeShaperExpression(
            StructuralType: HotelManagement.Models.Room
            ValueBufferExpression: ProjectionBindingExpression: Outer.Inner
            IsNullable: False)
    ), 
    Inner = StructuralTypeShaperExpression(
        StructuralType: HotelManagement.Models.RoomType
        ValueBufferExpression: ProjectionBindingExpression: Inner
        IsNullable: False)
), 
GroupingEnumerable:ShapedQueryExpression: 
    QueryExpression: 
        Projection Mapping:
            Outer.Outer.Outer -> StructuralTypeProjectionExpression: BookingRoom
            Outer.Outer.Inner -> StructuralTypeProjectionExpression: Booking
            Outer.Inner -> StructuralTypeProjectionExpression: Room
            Inner -> StructuralTypeProjectionExpression: RoomType
        SELECT 1
        FROM booking_rooms AS b1
        INNER JOIN bookings AS b2 ON b1.booking_id == b2.booking_id
        INNER JOIN rooms AS r1 ON b1.room_id == r1.room_id
        INNER JOIN room_types AS r2 ON r1.room_type_id == r2.room_type_id
        WHERE (((b2.status != 'Cancelled') && (b1.check_in_date >= @__from_0)) && (b1.check_in_date <= @__to_1)) && (((b.room_id == b1.room_id) && (r.room_number == r1.room_number)) && (r0.name == r2.name))
    ShaperExpression: new TransparentIdentifier<TransparentIdentifier<TransparentIdentifier<BookingRoom, Booking>, Room>, RoomType>(
            Outer = new TransparentIdentifier<TransparentIdentifier<BookingRoom, Booking>, Room>(
                Outer = new TransparentIdentifier<BookingRoom, Booking>(
                    Outer = StructuralTypeShaperExpression(
                        StructuralType: HotelManagement.Models.BookingRoom
                        ValueBufferExpression: ProjectionBindingExpression: Outer.Outer.Outer
                        IsNullable: False), 
                    Inner = StructuralTypeShaperExpression(
                        StructuralType: HotelManagement.Models.Booking
                        ValueBufferExpression: ProjectionBindingExpression: Outer.Outer.Inner
                        IsNullable: False)
                ), 
                Inner = StructuralTypeShaperExpression(
                    StructuralType: HotelManagement.Models.Room
                    ValueBufferExpression: ProjectionBindingExpression: Outer.Inner
                    IsNullable: False)
            ), 
            Inner = StructuralTypeShaperExpression(
                StructuralType: HotelManagement.Models.RoomType
                ValueBufferExpression: ProjectionBindingExpression: Inner
                IsNullable: False)
        )

    .AsQueryable()
    .Sum(e => e.Outer.Outer.Outer.PricePerNight * (decimal)(e.Outer.Outer.Outer.CheckOutDate - e.Outer.Outer.Outer.CheckInDate).Days)' could not be translated. Either rewrite the query in a form that can be translated, or switch to client evaluation explicitly by inserting a call to 'AsEnumerable', 'AsAsyncEnumerable', 'ToList', or 'ToListAsync'. See https://go.microsoft.com/fwlink/?linkid=2101038 for more information.
   at Microsoft.EntityFrameworkCore.Query.QueryableMethodTranslatingExpressionVisitor.Translate(Expression expression)
   at Microsoft.EntityFrameworkCore.Query.QueryableMethodTranslatingExpressionVisitor.TranslateSubquery(Expression expression)
   at Microsoft.EntityFrameworkCore.Query.RelationalSqlTranslatingExpressionVisitor.<VisitMethodCall>g__TranslateAsSubquery|33_0(Expression expression, <>c__DisplayClass33_0&)
   at Microsoft.EntityFrameworkCore.Query.RelationalSqlTranslatingExpressionVisitor.VisitMethodCall(MethodCallExpression methodCallExpression)
   at Pomelo.EntityFrameworkCore.MySql.Query.ExpressionVisitors.Internal.MySqlSqlTranslatingExpressionVisitor.CallBaseVisitMethodCall(MethodCallExpression methodCallExpression)
   at Pomelo.EntityFrameworkCore.MySql.Query.ExpressionVisitors.Internal.MySqlSqlTranslatingExpressionVisitor.VisitMethodCall(MethodCallExpression methodCallExpression)
   at Microsoft.EntityFrameworkCore.Query.RelationalSqlTranslatingExpressionVisitor.TranslateInternal(Expression expression, Boolean applyDefaultTypeMapping)
   at Microsoft.EntityFrameworkCore.Query.RelationalSqlTranslatingExpressionVisitor.TranslateProjection(Expression expression, Boolean applyDefaultTypeMapping)
   at Microsoft.EntityFrameworkCore.Query.Internal.RelationalProjectionBindingExpressionVisitor.Visit(Expression expression)
   at Microsoft.EntityFrameworkCore.Query.Internal.RelationalProjectionBindingExpressionVisitor.VisitMemberAssignment(MemberAssignment memberAssignment)
   at System.Linq.Expressions.ExpressionVisitor.VisitMemberBinding(MemberBinding node)
   at Microsoft.EntityFrameworkCore.Query.Internal.RelationalProjectionBindingExpressionVisitor.VisitMemberInit(MemberInitExpression memberInitExpression)
   at Microsoft.EntityFrameworkCore.Query.Internal.RelationalProjectionBindingExpressionVisitor.Visit(Expression expression)
   at Microsoft.EntityFrameworkCore.Query.Internal.RelationalProjectionBindingExpressionVisitor.Translate(SelectExpression selectExpression, Expression expression)
   at Microsoft.EntityFrameworkCore.Query.RelationalQueryableMethodTranslatingExpressionVisitor.TranslateSelect(ShapedQueryExpression source, LambdaExpression selector)
   at Microsoft.EntityFrameworkCore.Query.QueryableMethodTranslatingExpressionVisitor.VisitMethodCall(MethodCallExpression methodCallExpression)
   at Microsoft.EntityFrameworkCore.Query.RelationalQueryableMethodTranslatingExpressionVisitor.VisitMethodCall(MethodCallExpression methodCallExpression)
   at Microsoft.EntityFrameworkCore.Query.QueryableMethodTranslatingExpressionVisitor.VisitMethodCall(MethodCallExpression methodCallExpression)
   at Microsoft.EntityFrameworkCore.Query.RelationalQueryableMethodTranslatingExpressionVisitor.VisitMethodCall(MethodCallExpression methodCallExpression)
   at Microsoft.EntityFrameworkCore.Query.QueryableMethodTranslatingExpressionVisitor.VisitMethodCall(MethodCallExpression methodCallExpression)
   at Microsoft.EntityFrameworkCore.Query.RelationalQueryableMethodTranslatingExpressionVisitor.VisitMethodCall(MethodCallExpression methodCallExpression)
   at Microsoft.EntityFrameworkCore.Query.QueryableMethodTranslatingExpressionVisitor.VisitMethodCall(MethodCallExpression methodCallExpression)
   at Microsoft.EntityFrameworkCore.Query.RelationalQueryableMethodTranslatingExpressionVisitor.VisitMethodCall(MethodCallExpression methodCallExpression)
   at Microsoft.EntityFrameworkCore.Query.QueryableMethodTranslatingExpressionVisitor.Translate(Expression expression)
   at Microsoft.EntityFrameworkCore.Query.QueryCompilationContext.CreateQueryExecutorExpression[TResult](Expression query)
   at Microsoft.EntityFrameworkCore.Query.QueryCompilationContext.CreateQueryExecutor[TResult](Expression query)
   at Microsoft.EntityFrameworkCore.Storage.Database.CompileQuery[TResult](Expression query, Boolean async)
   at Microsoft.EntityFrameworkCore.Query.Internal.QueryCompiler.CompileQueryCore[TResult](IDatabase database, Expression query, IModel model, Boolean async)
   at Microsoft.EntityFrameworkCore.Query.Internal.QueryCompiler.<>c__DisplayClass11_0`1.<ExecuteCore>b__0()
   at Microsoft.EntityFrameworkCore.Query.Internal.CompiledQueryCache.GetOrAddQuery[TResult](Object cacheKey, Func`1 compiler)
   at Microsoft.EntityFrameworkCore.Query.Internal.QueryCompiler.ExecuteCore[TResult](Expression query, Boolean async, CancellationToken cancellationToken)
   at Microsoft.EntityFrameworkCore.Query.Internal.QueryCompiler.ExecuteAsync[TResult](Expression query, CancellationToken cancellationToken)
   at Microsoft.EntityFrameworkCore.Query.Internal.EntityQueryProvider.ExecuteAsync[TResult](Expression expression, CancellationToken cancellationToken)
   at Microsoft.EntityFrameworkCore.Query.Internal.EntityQueryable`1.GetAsyncEnumerator(CancellationToken cancellationToken)
   at System.Runtime.CompilerServices.ConfiguredCancelableAsyncEnumerable`1.GetAsyncEnumerator()
   at Microsoft.EntityFrameworkCore.EntityFrameworkQueryableExtensions.ToListAsync[TSource](IQueryable`1 source, CancellationToken cancellationToken)
   at HotelManagement.Controllers.ReportsController.GetTopRooms(DateTime from, DateTime to, Int32 top) in C:\Users\MSI\source\Do_An_2\Backend\Controllers\ReportsController.cs:line 192
   at Microsoft.AspNetCore.Mvc.Infrastructure.ActionMethodExecutor.TaskOfIActionResultExecutor.Execute(ActionContext actionContext, IActionResultTypeMapper mapper, ObjectMethodExecutor executor, Object controller, Object[] arguments)
   at Microsoft.AspNetCore.Mvc.Infrastructure.ControllerActionInvoker.<InvokeActionMethodAsync>g__Awaited|12_0(ControllerActionInvoker invoker, ValueTask`1 actionResultValueTask)
   at Microsoft.AspNetCore.Mvc.Infrastructure.ControllerActionInvoker.<InvokeNextActionFilterAsync>g__Awaited|10_0(ControllerActionInvoker invoker, Task lastTask, State next, Scope scope, Object state, Boolean isCompleted)
   at Microsoft.AspNetCore.Mvc.Infrastructure.ControllerActionInvoker.Rethrow(ActionExecutedContextSealed context)
   at Microsoft.AspNetCore.Mvc.Infrastructure.ControllerActionInvoker.Next(State& next, Scope& scope, Object& state, Boolean& isCompleted)
   at Microsoft.AspNetCore.Mvc.Infrastructure.ControllerActionInvoker.InvokeInnerFilterAsync()
--- End of stack trace from previous location ---
   at Microsoft.AspNetCore.Mvc.Infrastructure.ResourceInvoker.<InvokeFilterPipelineAsync>g__Awaited|20_0(ResourceInvoker invoker, Task lastTask, State next, Scope scope, Object state, Boolean isCompleted)
   at Microsoft.AspNetCore.Mvc.Infrastructure.ResourceInvoker.<InvokeAsync>g__Awaited|17_0(ResourceInvoker invoker, Task task, IDisposable scope)
   at Microsoft.AspNetCore.Mvc.Infrastructure.ResourceInvoker.<InvokeAsync>g__Awaited|17_0(ResourceInvoker invoker, Task task, IDisposable scope)
   at Microsoft.AspNetCore.Authorization.AuthorizationMiddleware.Invoke(HttpContext context)
   at Microsoft.AspNetCore.Authentication.AuthenticationMiddleware.Invoke(HttpContext context)
   at Serilog.AspNetCore.RequestLoggingMiddleware.Invoke(HttpContext httpContext)
   at HotelManagement.Middleware.GlobalExceptionMiddleware.InvokeAsync(HttpContext context) in C:\Users\MSI\source\Do_An_2\Backend\Middleware\GlobalExceptionMiddleware.cs:line 26
2026-05-30 11:17:41.193 +07:00 [INF] HTTP OPTIONS /api/hotels responded 204 in 0.1766 ms
2026-05-30 11:17:41.241 +07:00 [INF] HTTP GET /api/hotels responded 200 in 43.6856 ms
2026-05-30 11:17:42.244 +07:00 [INF] HTTP OPTIONS /api/reports/dashboard responded 204 in 0.0982 ms
2026-05-30 11:17:42.246 +07:00 [INF] HTTP OPTIONS /api/reports/revenue responded 204 in 0.0613 ms
2026-05-30 11:17:42.246 +07:00 [INF] HTTP OPTIONS /api/reports/top-rooms responded 204 in 0.0206 ms
2026-05-30 11:17:42.260 +07:00 [INF] GET /api/reports/revenue — From: "2026-05-23T00:00:00.0000000", To: "2026-05-30T00:00:00.0000000"
2026-05-30 11:17:42.260 +07:00 [INF] GET /api/reports/top-rooms — Top: 5
2026-05-30 11:17:42.264 +07:00 [INF] HTTP GET /api/reports/revenue responded 200 in 13.7178 ms
2026-05-30 11:17:42.266 +07:00 [ERR] HTTP GET /api/reports/top-rooms responded 500 in 15.0612 ms
System.InvalidOperationException: The LINQ expression 'RelationalGroupByShaperExpression:
KeySelector: new { 
    RoomId = b.room_id, 
    RoomNumber = r.room_number, 
    RoomTypeName = r0.name
 }, 
ElementSelector: new TransparentIdentifier<TransparentIdentifier<TransparentIdentifier<BookingRoom, Booking>, Room>, RoomType>(
    Outer = new TransparentIdentifier<TransparentIdentifier<BookingRoom, Booking>, Room>(
        Outer = new TransparentIdentifier<BookingRoom, Booking>(
            Outer = StructuralTypeShaperExpression(
                StructuralType: HotelManagement.Models.BookingRoom
                ValueBufferExpression: ProjectionBindingExpression: Outer.Outer.Outer
                IsNullable: False), 
            Inner = StructuralTypeShaperExpression(
                StructuralType: HotelManagement.Models.Booking
                ValueBufferExpression: ProjectionBindingExpression: Outer.Outer.Inner
                IsNullable: False)
        ), 
        Inner = StructuralTypeShaperExpression(
            StructuralType: HotelManagement.Models.Room
            ValueBufferExpression: ProjectionBindingExpression: Outer.Inner
            IsNullable: False)
    ), 
    Inner = StructuralTypeShaperExpression(
        StructuralType: HotelManagement.Models.RoomType
        ValueBufferExpression: ProjectionBindingExpression: Inner
        IsNullable: False)
), 
GroupingEnumerable:ShapedQueryExpression: 
    QueryExpression: 
        Projection Mapping:
            Outer.Outer.Outer -> StructuralTypeProjectionExpression: BookingRoom
            Outer.Outer.Inner -> StructuralTypeProjectionExpression: Booking
            Outer.Inner -> StructuralTypeProjectionExpression: Room
            Inner -> StructuralTypeProjectionExpression: RoomType
        SELECT 1
        FROM booking_rooms AS b1
        INNER JOIN bookings AS b2 ON b1.booking_id == b2.booking_id
        INNER JOIN rooms AS r1 ON b1.room_id == r1.room_id
        INNER JOIN room_types AS r2 ON r1.room_type_id == r2.room_type_id
        WHERE (((b2.status != 'Cancelled') && (b1.check_in_date >= @__from_0)) && (b1.check_in_date <= @__to_1)) && (((b.room_id == b1.room_id) && (r.room_number == r1.room_number)) && (r0.name == r2.name))
    ShaperExpression: new TransparentIdentifier<TransparentIdentifier<TransparentIdentifier<BookingRoom, Booking>, Room>, RoomType>(
            Outer = new TransparentIdentifier<TransparentIdentifier<BookingRoom, Booking>, Room>(
                Outer = new TransparentIdentifier<BookingRoom, Booking>(
                    Outer = StructuralTypeShaperExpression(
                        StructuralType: HotelManagement.Models.BookingRoom
                        ValueBufferExpression: ProjectionBindingExpression: Outer.Outer.Outer
                        IsNullable: False), 
                    Inner = StructuralTypeShaperExpression(
                        StructuralType: HotelManagement.Models.Booking
                        ValueBufferExpression: ProjectionBindingExpression: Outer.Outer.Inner
                        IsNullable: False)
                ), 
                Inner = StructuralTypeShaperExpression(
                    StructuralType: HotelManagement.Models.Room
                    ValueBufferExpression: ProjectionBindingExpression: Outer.Inner
                    IsNullable: False)
            ), 
            Inner = StructuralTypeShaperExpression(
                StructuralType: HotelManagement.Models.RoomType
                ValueBufferExpression: ProjectionBindingExpression: Inner
                IsNullable: False)
        )

    .AsQueryable()
    .Sum(e => e.Outer.Outer.Outer.PricePerNight * (decimal)(e.Outer.Outer.Outer.CheckOutDate - e.Outer.Outer.Outer.CheckInDate).Days)' could not be translated. Either rewrite the query in a form that can be translated, or switch to client evaluation explicitly by inserting a call to 'AsEnumerable', 'AsAsyncEnumerable', 'ToList', or 'ToListAsync'. See https://go.microsoft.com/fwlink/?linkid=2101038 for more information.
   at Microsoft.EntityFrameworkCore.Query.QueryableMethodTranslatingExpressionVisitor.Translate(Expression expression)
   at Microsoft.EntityFrameworkCore.Query.QueryableMethodTranslatingExpressionVisitor.TranslateSubquery(Expression expression)
   at Microsoft.EntityFrameworkCore.Query.RelationalSqlTranslatingExpressionVisitor.<VisitMethodCall>g__TranslateAsSubquery|33_0(Expression expression, <>c__DisplayClass33_0&)
   at Microsoft.EntityFrameworkCore.Query.RelationalSqlTranslatingExpressionVisitor.VisitMethodCall(MethodCallExpression methodCallExpression)
   at Pomelo.EntityFrameworkCore.MySql.Query.ExpressionVisitors.Internal.MySqlSqlTranslatingExpressionVisitor.CallBaseVisitMethodCall(MethodCallExpression methodCallExpression)
   at Pomelo.EntityFrameworkCore.MySql.Query.ExpressionVisitors.Internal.MySqlSqlTranslatingExpressionVisitor.VisitMethodCall(MethodCallExpression methodCallExpression)
   at Microsoft.EntityFrameworkCore.Query.RelationalSqlTranslatingExpressionVisitor.TranslateInternal(Expression expression, Boolean applyDefaultTypeMapping)
   at Microsoft.EntityFrameworkCore.Query.RelationalSqlTranslatingExpressionVisitor.TranslateProjection(Expression expression, Boolean applyDefaultTypeMapping)
   at Microsoft.EntityFrameworkCore.Query.Internal.RelationalProjectionBindingExpressionVisitor.Visit(Expression expression)
   at Microsoft.EntityFrameworkCore.Query.Internal.RelationalProjectionBindingExpressionVisitor.VisitMemberAssignment(MemberAssignment memberAssignment)
   at System.Linq.Expressions.ExpressionVisitor.VisitMemberBinding(MemberBinding node)
   at Microsoft.EntityFrameworkCore.Query.Internal.RelationalProjectionBindingExpressionVisitor.VisitMemberInit(MemberInitExpression memberInitExpression)
   at Microsoft.EntityFrameworkCore.Query.Internal.RelationalProjectionBindingExpressionVisitor.Visit(Expression expression)
   at Microsoft.EntityFrameworkCore.Query.Internal.RelationalProjectionBindingExpressionVisitor.Translate(SelectExpression selectExpression, Expression expression)
   at Microsoft.EntityFrameworkCore.Query.RelationalQueryableMethodTranslatingExpressionVisitor.TranslateSelect(ShapedQueryExpression source, LambdaExpression selector)
   at Microsoft.EntityFrameworkCore.Query.QueryableMethodTranslatingExpressionVisitor.VisitMethodCall(MethodCallExpression methodCallExpression)
   at Microsoft.EntityFrameworkCore.Query.RelationalQueryableMethodTranslatingExpressionVisitor.VisitMethodCall(MethodCallExpression methodCallExpression)
   at Microsoft.EntityFrameworkCore.Query.QueryableMethodTranslatingExpressionVisitor.VisitMethodCall(MethodCallExpression methodCallExpression)
   at Microsoft.EntityFrameworkCore.Query.RelationalQueryableMethodTranslatingExpressionVisitor.VisitMethodCall(MethodCallExpression methodCallExpression)
   at Microsoft.EntityFrameworkCore.Query.QueryableMethodTranslatingExpressionVisitor.VisitMethodCall(MethodCallExpression methodCallExpression)
   at Microsoft.EntityFrameworkCore.Query.RelationalQueryableMethodTranslatingExpressionVisitor.VisitMethodCall(MethodCallExpression methodCallExpression)
   at Microsoft.EntityFrameworkCore.Query.QueryableMethodTranslatingExpressionVisitor.VisitMethodCall(MethodCallExpression methodCallExpression)
   at Microsoft.EntityFrameworkCore.Query.RelationalQueryableMethodTranslatingExpressionVisitor.VisitMethodCall(MethodCallExpression methodCallExpression)
   at Microsoft.EntityFrameworkCore.Query.QueryableMethodTranslatingExpressionVisitor.Translate(Expression expression)
   at Microsoft.EntityFrameworkCore.Query.QueryCompilationContext.CreateQueryExecutorExpression[TResult](Expression query)
   at Microsoft.EntityFrameworkCore.Query.QueryCompilationContext.CreateQueryExecutor[TResult](Expression query)
   at Microsoft.EntityFrameworkCore.Storage.Database.CompileQuery[TResult](Expression query, Boolean async)
   at Microsoft.EntityFrameworkCore.Query.Internal.QueryCompiler.CompileQueryCore[TResult](IDatabase database, Expression query, IModel model, Boolean async)
   at Microsoft.EntityFrameworkCore.Query.Internal.QueryCompiler.<>c__DisplayClass11_0`1.<ExecuteCore>b__0()
   at Microsoft.EntityFrameworkCore.Query.Internal.CompiledQueryCache.GetOrAddQuery[TResult](Object cacheKey, Func`1 compiler)
   at Microsoft.EntityFrameworkCore.Query.Internal.QueryCompiler.ExecuteCore[TResult](Expression query, Boolean async, CancellationToken cancellationToken)
   at Microsoft.EntityFrameworkCore.Query.Internal.QueryCompiler.ExecuteAsync[TResult](Expression query, CancellationToken cancellationToken)
   at Microsoft.EntityFrameworkCore.Query.Internal.EntityQueryProvider.ExecuteAsync[TResult](Expression expression, CancellationToken cancellationToken)
   at Microsoft.EntityFrameworkCore.Query.Internal.EntityQueryable`1.GetAsyncEnumerator(CancellationToken cancellationToken)
   at System.Runtime.CompilerServices.ConfiguredCancelableAsyncEnumerable`1.GetAsyncEnumerator()
   at Microsoft.EntityFrameworkCore.EntityFrameworkQueryableExtensions.ToListAsync[TSource](IQueryable`1 source, CancellationToken cancellationToken)
   at HotelManagement.Controllers.ReportsController.GetTopRooms(DateTime from, DateTime to, Int32 top) in C:\Users\MSI\source\Do_An_2\Backend\Controllers\ReportsController.cs:line 192
   at Microsoft.AspNetCore.Mvc.Infrastructure.ActionMethodExecutor.TaskOfIActionResultExecutor.Execute(ActionContext actionContext, IActionResultTypeMapper mapper, ObjectMethodExecutor executor, Object controller, Object[] arguments)
   at Microsoft.AspNetCore.Mvc.Infrastructure.ControllerActionInvoker.<InvokeActionMethodAsync>g__Awaited|12_0(ControllerActionInvoker invoker, ValueTask`1 actionResultValueTask)
   at Microsoft.AspNetCore.Mvc.Infrastructure.ControllerActionInvoker.<InvokeNextActionFilterAsync>g__Awaited|10_0(ControllerActionInvoker invoker, Task lastTask, State next, Scope scope, Object state, Boolean isCompleted)
   at Microsoft.AspNetCore.Mvc.Infrastructure.ControllerActionInvoker.Rethrow(ActionExecutedContextSealed context)
   at Microsoft.AspNetCore.Mvc.Infrastructure.ControllerActionInvoker.Next(State& next, Scope& scope, Object& state, Boolean& isCompleted)
   at Microsoft.AspNetCore.Mvc.Infrastructure.ControllerActionInvoker.InvokeInnerFilterAsync()
--- End of stack trace from previous location ---
   at Microsoft.AspNetCore.Mvc.Infrastructure.ResourceInvoker.<InvokeFilterPipelineAsync>g__Awaited|20_0(ResourceInvoker invoker, Task lastTask, State next, Scope scope, Object state, Boolean isCompleted)
   at Microsoft.AspNetCore.Mvc.Infrastructure.ResourceInvoker.<InvokeAsync>g__Awaited|17_0(ResourceInvoker invoker, Task task, IDisposable scope)
   at Microsoft.AspNetCore.Mvc.Infrastructure.ResourceInvoker.<InvokeAsync>g__Awaited|17_0(ResourceInvoker invoker, Task task, IDisposable scope)
   at Microsoft.AspNetCore.Authorization.AuthorizationMiddleware.Invoke(HttpContext context)
   at Microsoft.AspNetCore.Authentication.AuthenticationMiddleware.Invoke(HttpContext context)
   at Serilog.AspNetCore.RequestLoggingMiddleware.Invoke(HttpContext httpContext)
2026-05-30 11:17:42.268 +07:00 [INF] HTTP GET /api/reports/dashboard responded 200 in 17.6472 ms
2026-05-30 11:17:42.287 +07:00 [ERR] Unhandled exception: The LINQ expression 'RelationalGroupByShaperExpression:
KeySelector: new { 
    RoomId = b.room_id, 
    RoomNumber = r.room_number, 
    RoomTypeName = r0.name
 }, 
ElementSelector: new TransparentIdentifier<TransparentIdentifier<TransparentIdentifier<BookingRoom, Booking>, Room>, RoomType>(
    Outer = new TransparentIdentifier<TransparentIdentifier<BookingRoom, Booking>, Room>(
        Outer = new TransparentIdentifier<BookingRoom, Booking>(
            Outer = StructuralTypeShaperExpression(
                StructuralType: HotelManagement.Models.BookingRoom
                ValueBufferExpression: ProjectionBindingExpression: Outer.Outer.Outer
                IsNullable: False), 
            Inner = StructuralTypeShaperExpression(
                StructuralType: HotelManagement.Models.Booking
                ValueBufferExpression: ProjectionBindingExpression: Outer.Outer.Inner
                IsNullable: False)
        ), 
        Inner = StructuralTypeShaperExpression(
            StructuralType: HotelManagement.Models.Room
            ValueBufferExpression: ProjectionBindingExpression: Outer.Inner
            IsNullable: False)
    ), 
    Inner = StructuralTypeShaperExpression(
        StructuralType: HotelManagement.Models.RoomType
        ValueBufferExpression: ProjectionBindingExpression: Inner
        IsNullable: False)
), 
GroupingEnumerable:ShapedQueryExpression: 
    QueryExpression: 
        Projection Mapping:
            Outer.Outer.Outer -> StructuralTypeProjectionExpression: BookingRoom
            Outer.Outer.Inner -> StructuralTypeProjectionExpression: Booking
            Outer.Inner -> StructuralTypeProjectionExpression: Room
            Inner -> StructuralTypeProjectionExpression: RoomType
        SELECT 1
        FROM booking_rooms AS b1
        INNER JOIN bookings AS b2 ON b1.booking_id == b2.booking_id
        INNER JOIN rooms AS r1 ON b1.room_id == r1.room_id
        INNER JOIN room_types AS r2 ON r1.room_type_id == r2.room_type_id
        WHERE (((b2.status != 'Cancelled') && (b1.check_in_date >= @__from_0)) && (b1.check_in_date <= @__to_1)) && (((b.room_id == b1.room_id) && (r.room_number == r1.room_number)) && (r0.name == r2.name))
    ShaperExpression: new TransparentIdentifier<TransparentIdentifier<TransparentIdentifier<BookingRoom, Booking>, Room>, RoomType>(
            Outer = new TransparentIdentifier<TransparentIdentifier<BookingRoom, Booking>, Room>(
                Outer = new TransparentIdentifier<BookingRoom, Booking>(
                    Outer = StructuralTypeShaperExpression(
                        StructuralType: HotelManagement.Models.BookingRoom
                        ValueBufferExpression: ProjectionBindingExpression: Outer.Outer.Outer
                        IsNullable: False), 
                    Inner = StructuralTypeShaperExpression(
                        StructuralType: HotelManagement.Models.Booking
                        ValueBufferExpression: ProjectionBindingExpression: Outer.Outer.Inner
                        IsNullable: False)
                ), 
                Inner = StructuralTypeShaperExpression(
                    StructuralType: HotelManagement.Models.Room
                    ValueBufferExpression: ProjectionBindingExpression: Outer.Inner
                    IsNullable: False)
            ), 
            Inner = StructuralTypeShaperExpression(
                StructuralType: HotelManagement.Models.RoomType
                ValueBufferExpression: ProjectionBindingExpression: Inner
                IsNullable: False)
        )

    .AsQueryable()
    .Sum(e => e.Outer.Outer.Outer.PricePerNight * (decimal)(e.Outer.Outer.Outer.CheckOutDate - e.Outer.Outer.Outer.CheckInDate).Days)' could not be translated. Either rewrite the query in a form that can be translated, or switch to client evaluation explicitly by inserting a call to 'AsEnumerable', 'AsAsyncEnumerable', 'ToList', or 'ToListAsync'. See https://go.microsoft.com/fwlink/?linkid=2101038 for more information.
System.InvalidOperationException: The LINQ expression 'RelationalGroupByShaperExpression:
KeySelector: new { 
    RoomId = b.room_id, 
    RoomNumber = r.room_number, 
    RoomTypeName = r0.name
 }, 
ElementSelector: new TransparentIdentifier<TransparentIdentifier<TransparentIdentifier<BookingRoom, Booking>, Room>, RoomType>(
    Outer = new TransparentIdentifier<TransparentIdentifier<BookingRoom, Booking>, Room>(
        Outer = new TransparentIdentifier<BookingRoom, Booking>(
            Outer = StructuralTypeShaperExpression(
                StructuralType: HotelManagement.Models.BookingRoom
                ValueBufferExpression: ProjectionBindingExpression: Outer.Outer.Outer
                IsNullable: False), 
            Inner = StructuralTypeShaperExpression(
                StructuralType: HotelManagement.Models.Booking
                ValueBufferExpression: ProjectionBindingExpression: Outer.Outer.Inner
                IsNullable: False)
        ), 
        Inner = StructuralTypeShaperExpression(
            StructuralType: HotelManagement.Models.Room
            ValueBufferExpression: ProjectionBindingExpression: Outer.Inner
            IsNullable: False)
    ), 
    Inner = StructuralTypeShaperExpression(
        StructuralType: HotelManagement.Models.RoomType
        ValueBufferExpression: ProjectionBindingExpression: Inner
        IsNullable: False)
), 
GroupingEnumerable:ShapedQueryExpression: 
    QueryExpression: 
        Projection Mapping:
            Outer.Outer.Outer -> StructuralTypeProjectionExpression: BookingRoom
            Outer.Outer.Inner -> StructuralTypeProjectionExpression: Booking
            Outer.Inner -> StructuralTypeProjectionExpression: Room
            Inner -> StructuralTypeProjectionExpression: RoomType
        SELECT 1
        FROM booking_rooms AS b1
        INNER JOIN bookings AS b2 ON b1.booking_id == b2.booking_id
        INNER JOIN rooms AS r1 ON b1.room_id == r1.room_id
        INNER JOIN room_types AS r2 ON r1.room_type_id == r2.room_type_id
        WHERE (((b2.status != 'Cancelled') && (b1.check_in_date >= @__from_0)) && (b1.check_in_date <= @__to_1)) && (((b.room_id == b1.room_id) && (r.room_number == r1.room_number)) && (r0.name == r2.name))
    ShaperExpression: new TransparentIdentifier<TransparentIdentifier<TransparentIdentifier<BookingRoom, Booking>, Room>, RoomType>(
            Outer = new TransparentIdentifier<TransparentIdentifier<BookingRoom, Booking>, Room>(
                Outer = new TransparentIdentifier<BookingRoom, Booking>(
                    Outer = StructuralTypeShaperExpression(
                        StructuralType: HotelManagement.Models.BookingRoom
                        ValueBufferExpression: ProjectionBindingExpression: Outer.Outer.Outer
                        IsNullable: False), 
                    Inner = StructuralTypeShaperExpression(
                        StructuralType: HotelManagement.Models.Booking
                        ValueBufferExpression: ProjectionBindingExpression: Outer.Outer.Inner
                        IsNullable: False)
                ), 
                Inner = StructuralTypeShaperExpression(
                    StructuralType: HotelManagement.Models.Room
                    ValueBufferExpression: ProjectionBindingExpression: Outer.Inner
                    IsNullable: False)
            ), 
            Inner = StructuralTypeShaperExpression(
                StructuralType: HotelManagement.Models.RoomType
                ValueBufferExpression: ProjectionBindingExpression: Inner
                IsNullable: False)
        )

    .AsQueryable()
    .Sum(e => e.Outer.Outer.Outer.PricePerNight * (decimal)(e.Outer.Outer.Outer.CheckOutDate - e.Outer.Outer.Outer.CheckInDate).Days)' could not be translated. Either rewrite the query in a form that can be translated, or switch to client evaluation explicitly by inserting a call to 'AsEnumerable', 'AsAsyncEnumerable', 'ToList', or 'ToListAsync'. See https://go.microsoft.com/fwlink/?linkid=2101038 for more information.
   at Microsoft.EntityFrameworkCore.Query.QueryableMethodTranslatingExpressionVisitor.Translate(Expression expression)
   at Microsoft.EntityFrameworkCore.Query.QueryableMethodTranslatingExpressionVisitor.TranslateSubquery(Expression expression)
   at Microsoft.EntityFrameworkCore.Query.RelationalSqlTranslatingExpressionVisitor.<VisitMethodCall>g__TranslateAsSubquery|33_0(Expression expression, <>c__DisplayClass33_0&)
   at Microsoft.EntityFrameworkCore.Query.RelationalSqlTranslatingExpressionVisitor.VisitMethodCall(MethodCallExpression methodCallExpression)
   at Pomelo.EntityFrameworkCore.MySql.Query.ExpressionVisitors.Internal.MySqlSqlTranslatingExpressionVisitor.CallBaseVisitMethodCall(MethodCallExpression methodCallExpression)
   at Pomelo.EntityFrameworkCore.MySql.Query.ExpressionVisitors.Internal.MySqlSqlTranslatingExpressionVisitor.VisitMethodCall(MethodCallExpression methodCallExpression)
   at Microsoft.EntityFrameworkCore.Query.RelationalSqlTranslatingExpressionVisitor.TranslateInternal(Expression expression, Boolean applyDefaultTypeMapping)
   at Microsoft.EntityFrameworkCore.Query.RelationalSqlTranslatingExpressionVisitor.TranslateProjection(Expression expression, Boolean applyDefaultTypeMapping)
   at Microsoft.EntityFrameworkCore.Query.Internal.RelationalProjectionBindingExpressionVisitor.Visit(Expression expression)
   at Microsoft.EntityFrameworkCore.Query.Internal.RelationalProjectionBindingExpressionVisitor.VisitMemberAssignment(MemberAssignment memberAssignment)
   at System.Linq.Expressions.ExpressionVisitor.VisitMemberBinding(MemberBinding node)
   at Microsoft.EntityFrameworkCore.Query.Internal.RelationalProjectionBindingExpressionVisitor.VisitMemberInit(MemberInitExpression memberInitExpression)
   at Microsoft.EntityFrameworkCore.Query.Internal.RelationalProjectionBindingExpressionVisitor.Visit(Expression expression)
   at Microsoft.EntityFrameworkCore.Query.Internal.RelationalProjectionBindingExpressionVisitor.Translate(SelectExpression selectExpression, Expression expression)
   at Microsoft.EntityFrameworkCore.Query.RelationalQueryableMethodTranslatingExpressionVisitor.TranslateSelect(ShapedQueryExpression source, LambdaExpression selector)
   at Microsoft.EntityFrameworkCore.Query.QueryableMethodTranslatingExpressionVisitor.VisitMethodCall(MethodCallExpression methodCallExpression)
   at Microsoft.EntityFrameworkCore.Query.RelationalQueryableMethodTranslatingExpressionVisitor.VisitMethodCall(MethodCallExpression methodCallExpression)
   at Microsoft.EntityFrameworkCore.Query.QueryableMethodTranslatingExpressionVisitor.VisitMethodCall(MethodCallExpression methodCallExpression)
   at Microsoft.EntityFrameworkCore.Query.RelationalQueryableMethodTranslatingExpressionVisitor.VisitMethodCall(MethodCallExpression methodCallExpression)
   at Microsoft.EntityFrameworkCore.Query.QueryableMethodTranslatingExpressionVisitor.VisitMethodCall(MethodCallExpression methodCallExpression)
   at Microsoft.EntityFrameworkCore.Query.RelationalQueryableMethodTranslatingExpressionVisitor.VisitMethodCall(MethodCallExpression methodCallExpression)
   at Microsoft.EntityFrameworkCore.Query.QueryableMethodTranslatingExpressionVisitor.VisitMethodCall(MethodCallExpression methodCallExpression)
   at Microsoft.EntityFrameworkCore.Query.RelationalQueryableMethodTranslatingExpressionVisitor.VisitMethodCall(MethodCallExpression methodCallExpression)
   at Microsoft.EntityFrameworkCore.Query.QueryableMethodTranslatingExpressionVisitor.Translate(Expression expression)
   at Microsoft.EntityFrameworkCore.Query.QueryCompilationContext.CreateQueryExecutorExpression[TResult](Expression query)
   at Microsoft.EntityFrameworkCore.Query.QueryCompilationContext.CreateQueryExecutor[TResult](Expression query)
   at Microsoft.EntityFrameworkCore.Storage.Database.CompileQuery[TResult](Expression query, Boolean async)
   at Microsoft.EntityFrameworkCore.Query.Internal.QueryCompiler.CompileQueryCore[TResult](IDatabase database, Expression query, IModel model, Boolean async)
   at Microsoft.EntityFrameworkCore.Query.Internal.QueryCompiler.<>c__DisplayClass11_0`1.<ExecuteCore>b__0()
   at Microsoft.EntityFrameworkCore.Query.Internal.CompiledQueryCache.GetOrAddQuery[TResult](Object cacheKey, Func`1 compiler)
   at Microsoft.EntityFrameworkCore.Query.Internal.QueryCompiler.ExecuteCore[TResult](Expression query, Boolean async, CancellationToken cancellationToken)
   at Microsoft.EntityFrameworkCore.Query.Internal.QueryCompiler.ExecuteAsync[TResult](Expression query, CancellationToken cancellationToken)
   at Microsoft.EntityFrameworkCore.Query.Internal.EntityQueryProvider.ExecuteAsync[TResult](Expression expression, CancellationToken cancellationToken)
   at Microsoft.EntityFrameworkCore.Query.Internal.EntityQueryable`1.GetAsyncEnumerator(CancellationToken cancellationToken)
   at System.Runtime.CompilerServices.ConfiguredCancelableAsyncEnumerable`1.GetAsyncEnumerator()
   at Microsoft.EntityFrameworkCore.EntityFrameworkQueryableExtensions.ToListAsync[TSource](IQueryable`1 source, CancellationToken cancellationToken)
   at HotelManagement.Controllers.ReportsController.GetTopRooms(DateTime from, DateTime to, Int32 top) in C:\Users\MSI\source\Do_An_2\Backend\Controllers\ReportsController.cs:line 192
   at Microsoft.AspNetCore.Mvc.Infrastructure.ActionMethodExecutor.TaskOfIActionResultExecutor.Execute(ActionContext actionContext, IActionResultTypeMapper mapper, ObjectMethodExecutor executor, Object controller, Object[] arguments)
   at Microsoft.AspNetCore.Mvc.Infrastructure.ControllerActionInvoker.<InvokeActionMethodAsync>g__Awaited|12_0(ControllerActionInvoker invoker, ValueTask`1 actionResultValueTask)
   at Microsoft.AspNetCore.Mvc.Infrastructure.ControllerActionInvoker.<InvokeNextActionFilterAsync>g__Awaited|10_0(ControllerActionInvoker invoker, Task lastTask, State next, Scope scope, Object state, Boolean isCompleted)
   at Microsoft.AspNetCore.Mvc.Infrastructure.ControllerActionInvoker.Rethrow(ActionExecutedContextSealed context)
   at Microsoft.AspNetCore.Mvc.Infrastructure.ControllerActionInvoker.Next(State& next, Scope& scope, Object& state, Boolean& isCompleted)
   at Microsoft.AspNetCore.Mvc.Infrastructure.ControllerActionInvoker.InvokeInnerFilterAsync()
--- End of stack trace from previous location ---
   at Microsoft.AspNetCore.Mvc.Infrastructure.ResourceInvoker.<InvokeFilterPipelineAsync>g__Awaited|20_0(ResourceInvoker invoker, Task lastTask, State next, Scope scope, Object state, Boolean isCompleted)
   at Microsoft.AspNetCore.Mvc.Infrastructure.ResourceInvoker.<InvokeAsync>g__Awaited|17_0(ResourceInvoker invoker, Task task, IDisposable scope)
   at Microsoft.AspNetCore.Mvc.Infrastructure.ResourceInvoker.<InvokeAsync>g__Awaited|17_0(ResourceInvoker invoker, Task task, IDisposable scope)
   at Microsoft.AspNetCore.Authorization.AuthorizationMiddleware.Invoke(HttpContext context)
   at Microsoft.AspNetCore.Authentication.AuthenticationMiddleware.Invoke(HttpContext context)
   at Serilog.AspNetCore.RequestLoggingMiddleware.Invoke(HttpContext httpContext)
   at HotelManagement.Middleware.GlobalExceptionMiddleware.InvokeAsync(HttpContext context) in C:\Users\MSI\source\Do_An_2\Backend\Middleware\GlobalExceptionMiddleware.cs:line 26
2026-05-30 11:17:43.553 +07:00 [INF] HTTP GET /api/hotels responded 200 in 14.3725 ms
2026-05-30 11:17:44.538 +07:00 [INF] HTTP OPTIONS /api/hotels/all responded 204 in 0.1450 ms
2026-05-30 11:17:44.539 +07:00 [INF] HTTP OPTIONS /api/room-types/all responded 204 in 0.0544 ms
2026-05-30 11:17:44.554 +07:00 [INF] HTTP GET /api/hotels/all responded 200 in 11.0065 ms
2026-05-30 11:17:44.582 +07:00 [INF] HTTP GET /api/room-types/all responded 200 in 37.5501 ms
2026-05-30 11:18:22.716 +07:00 [INF] HTTP OPTIONS /api/rooms responded 204 in 0.0994 ms
2026-05-30 11:18:22.734 +07:00 [INF] HTTP GET /api/rooms responded 200 in 12.9485 ms
2026-05-30 11:18:30.414 +07:00 [INF] HTTP OPTIONS /api/bookings/available-rooms responded 204 in 0.1902 ms
2026-05-30 11:18:30.462 +07:00 [INF] GET /api/bookings/available-rooms — CheckIn: "2026-05-31T00:00:00.0000000", CheckOut: "2026-06-01T00:00:00.0000000"
2026-05-30 11:18:30.510 +07:00 [INF] HTTP GET /api/bookings/available-rooms responded 200 in 91.7624 ms
2026-05-30 11:18:36.466 +07:00 [INF] HTTP OPTIONS /api/rooms/1 responded 204 in 0.0545 ms
2026-05-30 11:18:36.521 +07:00 [INF] HTTP GET /api/rooms/1 responded 200 in 49.5855 ms
2026-05-30 11:18:40.998 +07:00 [INF] HTTP OPTIONS /api/rooms/2 responded 204 in 0.1267 ms
2026-05-30 11:18:41.014 +07:00 [INF] HTTP GET /api/rooms/2 responded 200 in 12.8670 ms
2026-05-30 11:18:44.372 +07:00 [INF] HTTP OPTIONS /api/rooms/3 responded 204 in 0.0474 ms
2026-05-30 11:18:44.387 +07:00 [INF] HTTP GET /api/rooms/3 responded 200 in 11.0846 ms
2026-05-30 11:18:49.664 +07:00 [INF] HTTP OPTIONS /api/rooms/2 responded 204 in 0.0447 ms
2026-05-30 11:18:49.684 +07:00 [INF] HTTP GET /api/rooms/2 responded 200 in 16.5369 ms
2026-05-30 11:18:51.783 +07:00 [INF] HTTP OPTIONS /api/rooms/3 responded 204 in 0.0427 ms
2026-05-30 11:18:51.802 +07:00 [INF] HTTP GET /api/rooms/3 responded 200 in 14.8610 ms
2026-05-30 11:18:56.437 +07:00 [INF] HTTP OPTIONS /api/rooms/4 responded 204 in 0.0512 ms
2026-05-30 11:18:56.452 +07:00 [INF] HTTP GET /api/rooms/4 responded 200 in 11.0292 ms
2026-05-30 11:19:01.644 +07:00 [INF] HTTP OPTIONS /api/rooms/5 responded 204 in 0.0441 ms
2026-05-30 11:19:01.659 +07:00 [INF] HTTP GET /api/rooms/5 responded 200 in 11.9363 ms
2026-05-30 11:19:21.488 +07:00 [INF] HTTP OPTIONS /api/rooms responded 204 in 0.0627 ms
2026-05-30 11:19:21.506 +07:00 [INF] HTTP GET /api/rooms responded 200 in 13.4065 ms
2026-05-30 11:19:23.976 +07:00 [INF] HTTP OPTIONS /api/rooms/2 responded 204 in 0.0466 ms
2026-05-30 11:19:23.991 +07:00 [INF] HTTP GET /api/rooms/2 responded 200 in 11.3188 ms
2026-05-30 11:19:36.392 +07:00 [INF] HTTP OPTIONS /api/payments responded 204 in 0.0927 ms
2026-05-30 11:19:36.553 +07:00 [INF] HTTP GET /api/payments responded 200 in 157.1966 ms
2026-05-30 11:19:43.247 +07:00 [INF] HTTP OPTIONS /api/guests responded 204 in 0.0682 ms
2026-05-30 11:19:43.303 +07:00 [INF] HTTP GET /api/guests responded 200 in 51.3915 ms
2026-05-30 11:19:48.119 +07:00 [INF] HTTP OPTIONS /api/rateplans responded 204 in 0.0508 ms
2026-05-30 11:19:48.177 +07:00 [INF] HTTP GET /api/rateplans responded 200 in 52.2763 ms
2026-05-30 11:19:52.389 +07:00 [INF] SignalR Disconnected: ConnId=ejPOxTeHRjwUu9vMhBsgdw
2026-05-30 11:19:52.392 +07:00 [INF] HTTP GET /hubs/room responded 101 in 139659.1464 ms
2026-05-30 11:23:44.441 +07:00 [WRN] The query uses the 'First'/'FirstOrDefault' operator without 'OrderBy' and filter operators. This may lead to unpredictable results.
2026-05-30 11:24:21.023 +07:00 [WRN] Failed to determine the https port for redirect.
2026-05-30 11:24:21.030 +07:00 [INF] HTTP OPTIONS /api/auth/login responded 204 in 2.5931 ms
2026-05-30 11:24:21.232 +07:00 [INF] POST /api/auth/login — Email: Test12@example.com
2026-05-30 11:24:21.541 +07:00 [INF] User 'Test12' logged in.
2026-05-30 11:24:21.572 +07:00 [INF] HTTP POST /api/auth/login responded 200 in 531.2030 ms
2026-05-30 11:24:21.578 +07:00 [INF] HTTP OPTIONS /api/session/runtime-id responded 204 in 0.3997 ms
2026-05-30 11:24:21.615 +07:00 [INF] HTTP OPTIONS /api/hotels/all responded 204 in 0.1004 ms
2026-05-30 11:24:21.615 +07:00 [INF] HTTP OPTIONS /api/rooms responded 204 in 0.0527 ms
2026-05-30 11:24:21.626 +07:00 [INF] HTTP GET /api/session/runtime-id responded 200 in 44.8073 ms
2026-05-30 11:24:21.807 +07:00 [INF] HTTP GET /api/hotels/all responded 200 in 186.1880 ms
2026-05-30 11:24:21.810 +07:00 [INF] HTTP GET /api/rooms responded 200 in 188.1121 ms
2026-05-30 11:24:33.134 +07:00 [INF] HTTP OPTIONS /api/auth/login responded 204 in 0.1784 ms
2026-05-30 11:24:33.145 +07:00 [INF] POST /api/auth/login — Email: admin@hotel.com
2026-05-30 11:24:33.386 +07:00 [INF] User 'admin' logged in.
2026-05-30 11:24:33.387 +07:00 [INF] HTTP POST /api/auth/login responded 200 in 249.8823 ms
2026-05-30 11:24:33.392 +07:00 [INF] HTTP OPTIONS /api/session/runtime-id responded 204 in 0.0757 ms
2026-05-30 11:24:33.397 +07:00 [INF] HTTP GET /api/session/runtime-id responded 200 in 2.4100 ms
2026-05-30 11:24:33.449 +07:00 [INF] HTTP OPTIONS /api/reports/revenue responded 204 in 0.0729 ms
2026-05-30 11:24:33.449 +07:00 [INF] HTTP OPTIONS /api/reports/dashboard responded 204 in 0.0904 ms
2026-05-30 11:24:33.450 +07:00 [INF] HTTP OPTIONS /api/reports/top-rooms responded 204 in 0.0709 ms
2026-05-30 11:24:33.470 +07:00 [INF] HTTP OPTIONS /hubs/room/negotiate responded 204 in 0.2039 ms
2026-05-30 11:24:33.474 +07:00 [INF] GET /api/reports/revenue — From: "2026-05-23T00:00:00.0000000", To: "2026-05-30T00:00:00.0000000"
2026-05-30 11:24:33.474 +07:00 [INF] GET /api/reports/top-rooms — Top: 5
2026-05-30 11:24:33.496 +07:00 [INF] HTTP POST /hubs/room/negotiate responded 200 in 7.0782 ms
2026-05-30 11:24:33.530 +07:00 [INF] HTTP GET /api/reports/revenue responded 200 in 77.9994 ms
2026-05-30 11:24:33.535 +07:00 [ERR] HTTP GET /api/reports/top-rooms responded 500 in 80.0004 ms
System.InvalidOperationException: The LINQ expression 'RelationalGroupByShaperExpression:
KeySelector: new { 
    RoomId = b.room_id, 
    RoomNumber = r.room_number, 
    RoomTypeName = r0.name
 }, 
ElementSelector: new TransparentIdentifier<TransparentIdentifier<TransparentIdentifier<BookingRoom, Booking>, Room>, RoomType>(
    Outer = new TransparentIdentifier<TransparentIdentifier<BookingRoom, Booking>, Room>(
        Outer = new TransparentIdentifier<BookingRoom, Booking>(
            Outer = StructuralTypeShaperExpression(
                StructuralType: HotelManagement.Models.BookingRoom
                ValueBufferExpression: ProjectionBindingExpression: Outer.Outer.Outer
                IsNullable: False), 
            Inner = StructuralTypeShaperExpression(
                StructuralType: HotelManagement.Models.Booking
                ValueBufferExpression: ProjectionBindingExpression: Outer.Outer.Inner
                IsNullable: False)
        ), 
        Inner = StructuralTypeShaperExpression(
            StructuralType: HotelManagement.Models.Room
            ValueBufferExpression: ProjectionBindingExpression: Outer.Inner
            IsNullable: False)
    ), 
    Inner = StructuralTypeShaperExpression(
        StructuralType: HotelManagement.Models.RoomType
        ValueBufferExpression: ProjectionBindingExpression: Inner
        IsNullable: False)
), 
GroupingEnumerable:ShapedQueryExpression: 
    QueryExpression: 
        Projection Mapping:
            Outer.Outer.Outer -> StructuralTypeProjectionExpression: BookingRoom
            Outer.Outer.Inner -> StructuralTypeProjectionExpression: Booking
            Outer.Inner -> StructuralTypeProjectionExpression: Room
            Inner -> StructuralTypeProjectionExpression: RoomType
        SELECT 1
        FROM booking_rooms AS b1
        INNER JOIN bookings AS b2 ON b1.booking_id == b2.booking_id
        INNER JOIN rooms AS r1 ON b1.room_id == r1.room_id
        INNER JOIN room_types AS r2 ON r1.room_type_id == r2.room_type_id
        WHERE (((b2.status != 'Cancelled') && (b1.check_in_date >= @__from_0)) && (b1.check_in_date <= @__to_1)) && (((b.room_id == b1.room_id) && (r.room_number == r1.room_number)) && (r0.name == r2.name))
    ShaperExpression: new TransparentIdentifier<TransparentIdentifier<TransparentIdentifier<BookingRoom, Booking>, Room>, RoomType>(
            Outer = new TransparentIdentifier<TransparentIdentifier<BookingRoom, Booking>, Room>(
                Outer = new TransparentIdentifier<BookingRoom, Booking>(
                    Outer = StructuralTypeShaperExpression(
                        StructuralType: HotelManagement.Models.BookingRoom
                        ValueBufferExpression: ProjectionBindingExpression: Outer.Outer.Outer
                        IsNullable: False), 
                    Inner = StructuralTypeShaperExpression(
                        StructuralType: HotelManagement.Models.Booking
                        ValueBufferExpression: ProjectionBindingExpression: Outer.Outer.Inner
                        IsNullable: False)
                ), 
                Inner = StructuralTypeShaperExpression(
                    StructuralType: HotelManagement.Models.Room
                    ValueBufferExpression: ProjectionBindingExpression: Outer.Inner
                    IsNullable: False)
            ), 
            Inner = StructuralTypeShaperExpression(
                StructuralType: HotelManagement.Models.RoomType
                ValueBufferExpression: ProjectionBindingExpression: Inner
                IsNullable: False)
        )

    .AsQueryable()
    .Sum(e => e.Outer.Outer.Outer.PricePerNight * (decimal)(e.Outer.Outer.Outer.CheckOutDate - e.Outer.Outer.Outer.CheckInDate).Days)' could not be translated. Either rewrite the query in a form that can be translated, or switch to client evaluation explicitly by inserting a call to 'AsEnumerable', 'AsAsyncEnumerable', 'ToList', or 'ToListAsync'. See https://go.microsoft.com/fwlink/?linkid=2101038 for more information.
   at Microsoft.EntityFrameworkCore.Query.QueryableMethodTranslatingExpressionVisitor.Translate(Expression expression)
   at Microsoft.EntityFrameworkCore.Query.QueryableMethodTranslatingExpressionVisitor.TranslateSubquery(Expression expression)
   at Microsoft.EntityFrameworkCore.Query.RelationalSqlTranslatingExpressionVisitor.<VisitMethodCall>g__TranslateAsSubquery|33_0(Expression expression, <>c__DisplayClass33_0&)
   at Microsoft.EntityFrameworkCore.Query.RelationalSqlTranslatingExpressionVisitor.VisitMethodCall(MethodCallExpression methodCallExpression)
   at Pomelo.EntityFrameworkCore.MySql.Query.ExpressionVisitors.Internal.MySqlSqlTranslatingExpressionVisitor.CallBaseVisitMethodCall(MethodCallExpression methodCallExpression)
   at Pomelo.EntityFrameworkCore.MySql.Query.ExpressionVisitors.Internal.MySqlSqlTranslatingExpressionVisitor.VisitMethodCall(MethodCallExpression methodCallExpression)
   at Microsoft.EntityFrameworkCore.Query.RelationalSqlTranslatingExpressionVisitor.TranslateInternal(Expression expression, Boolean applyDefaultTypeMapping)
   at Microsoft.EntityFrameworkCore.Query.RelationalSqlTranslatingExpressionVisitor.TranslateProjection(Expression expression, Boolean applyDefaultTypeMapping)
   at Microsoft.EntityFrameworkCore.Query.Internal.RelationalProjectionBindingExpressionVisitor.Visit(Expression expression)
   at Microsoft.EntityFrameworkCore.Query.Internal.RelationalProjectionBindingExpressionVisitor.VisitMemberAssignment(MemberAssignment memberAssignment)
   at System.Linq.Expressions.ExpressionVisitor.VisitMemberBinding(MemberBinding node)
   at Microsoft.EntityFrameworkCore.Query.Internal.RelationalProjectionBindingExpressionVisitor.VisitMemberInit(MemberInitExpression memberInitExpression)
   at Microsoft.EntityFrameworkCore.Query.Internal.RelationalProjectionBindingExpressionVisitor.Visit(Expression expression)
   at Microsoft.EntityFrameworkCore.Query.Internal.RelationalProjectionBindingExpressionVisitor.Translate(SelectExpression selectExpression, Expression expression)
   at Microsoft.EntityFrameworkCore.Query.RelationalQueryableMethodTranslatingExpressionVisitor.TranslateSelect(ShapedQueryExpression source, LambdaExpression selector)
   at Microsoft.EntityFrameworkCore.Query.QueryableMethodTranslatingExpressionVisitor.VisitMethodCall(MethodCallExpression methodCallExpression)
   at Microsoft.EntityFrameworkCore.Query.RelationalQueryableMethodTranslatingExpressionVisitor.VisitMethodCall(MethodCallExpression methodCallExpression)
   at Microsoft.EntityFrameworkCore.Query.QueryableMethodTranslatingExpressionVisitor.VisitMethodCall(MethodCallExpression methodCallExpression)
   at Microsoft.EntityFrameworkCore.Query.RelationalQueryableMethodTranslatingExpressionVisitor.VisitMethodCall(MethodCallExpression methodCallExpression)
   at Microsoft.EntityFrameworkCore.Query.QueryableMethodTranslatingExpressionVisitor.VisitMethodCall(MethodCallExpression methodCallExpression)
   at Microsoft.EntityFrameworkCore.Query.RelationalQueryableMethodTranslatingExpressionVisitor.VisitMethodCall(MethodCallExpression methodCallExpression)
   at Microsoft.EntityFrameworkCore.Query.QueryableMethodTranslatingExpressionVisitor.VisitMethodCall(MethodCallExpression methodCallExpression)
   at Microsoft.EntityFrameworkCore.Query.RelationalQueryableMethodTranslatingExpressionVisitor.VisitMethodCall(MethodCallExpression methodCallExpression)
   at Microsoft.EntityFrameworkCore.Query.QueryableMethodTranslatingExpressionVisitor.Translate(Expression expression)
   at Microsoft.EntityFrameworkCore.Query.QueryCompilationContext.CreateQueryExecutorExpression[TResult](Expression query)
   at Microsoft.EntityFrameworkCore.Query.QueryCompilationContext.CreateQueryExecutor[TResult](Expression query)
   at Microsoft.EntityFrameworkCore.Storage.Database.CompileQuery[TResult](Expression query, Boolean async)
   at Microsoft.EntityFrameworkCore.Query.Internal.QueryCompiler.CompileQueryCore[TResult](IDatabase database, Expression query, IModel model, Boolean async)
   at Microsoft.EntityFrameworkCore.Query.Internal.QueryCompiler.<>c__DisplayClass11_0`1.<ExecuteCore>b__0()
   at Microsoft.EntityFrameworkCore.Query.Internal.CompiledQueryCache.GetOrAddQuery[TResult](Object cacheKey, Func`1 compiler)
   at Microsoft.EntityFrameworkCore.Query.Internal.QueryCompiler.ExecuteCore[TResult](Expression query, Boolean async, CancellationToken cancellationToken)
   at Microsoft.EntityFrameworkCore.Query.Internal.QueryCompiler.ExecuteAsync[TResult](Expression query, CancellationToken cancellationToken)
   at Microsoft.EntityFrameworkCore.Query.Internal.EntityQueryProvider.ExecuteAsync[TResult](Expression expression, CancellationToken cancellationToken)
   at Microsoft.EntityFrameworkCore.Query.Internal.EntityQueryable`1.GetAsyncEnumerator(CancellationToken cancellationToken)
   at System.Runtime.CompilerServices.ConfiguredCancelableAsyncEnumerable`1.GetAsyncEnumerator()
   at Microsoft.EntityFrameworkCore.EntityFrameworkQueryableExtensions.ToListAsync[TSource](IQueryable`1 source, CancellationToken cancellationToken)
   at HotelManagement.Controllers.ReportsController.GetTopRooms(DateTime from, DateTime to, Int32 top) in C:\Users\MSI\source\Do_An_2\Backend\Controllers\ReportsController.cs:line 192
   at Microsoft.AspNetCore.Mvc.Infrastructure.ActionMethodExecutor.TaskOfIActionResultExecutor.Execute(ActionContext actionContext, IActionResultTypeMapper mapper, ObjectMethodExecutor executor, Object controller, Object[] arguments)
   at Microsoft.AspNetCore.Mvc.Infrastructure.ControllerActionInvoker.<InvokeActionMethodAsync>g__Awaited|12_0(ControllerActionInvoker invoker, ValueTask`1 actionResultValueTask)
   at Microsoft.AspNetCore.Mvc.Infrastructure.ControllerActionInvoker.<InvokeNextActionFilterAsync>g__Awaited|10_0(ControllerActionInvoker invoker, Task lastTask, State next, Scope scope, Object state, Boolean isCompleted)
   at Microsoft.AspNetCore.Mvc.Infrastructure.ControllerActionInvoker.Rethrow(ActionExecutedContextSealed context)
   at Microsoft.AspNetCore.Mvc.Infrastructure.ControllerActionInvoker.Next(State& next, Scope& scope, Object& state, Boolean& isCompleted)
   at Microsoft.AspNetCore.Mvc.Infrastructure.ControllerActionInvoker.InvokeInnerFilterAsync()
--- End of stack trace from previous location ---
   at Microsoft.AspNetCore.Mvc.Infrastructure.ResourceInvoker.<InvokeFilterPipelineAsync>g__Awaited|20_0(ResourceInvoker invoker, Task lastTask, State next, Scope scope, Object state, Boolean isCompleted)
   at Microsoft.AspNetCore.Mvc.Infrastructure.ResourceInvoker.<InvokeAsync>g__Awaited|17_0(ResourceInvoker invoker, Task task, IDisposable scope)
   at Microsoft.AspNetCore.Mvc.Infrastructure.ResourceInvoker.<InvokeAsync>g__Awaited|17_0(ResourceInvoker invoker, Task task, IDisposable scope)
   at Microsoft.AspNetCore.Authorization.AuthorizationMiddleware.Invoke(HttpContext context)
   at Microsoft.AspNetCore.Authentication.AuthenticationMiddleware.Invoke(HttpContext context)
   at Serilog.AspNetCore.RequestLoggingMiddleware.Invoke(HttpContext httpContext)
2026-05-30 11:24:33.538 +07:00 [INF] SignalR Connected: UserId=1, Role=, ConnId=UdpjWt5XH-96vXd7FOp7xg
2026-05-30 11:24:33.548 +07:00 [INF] HTTP GET /api/reports/dashboard responded 200 in 95.2677 ms
2026-05-30 11:24:33.580 +07:00 [ERR] Unhandled exception: The LINQ expression 'RelationalGroupByShaperExpression:
KeySelector: new { 
    RoomId = b.room_id, 
    RoomNumber = r.room_number, 
    RoomTypeName = r0.name
 }, 
ElementSelector: new TransparentIdentifier<TransparentIdentifier<TransparentIdentifier<BookingRoom, Booking>, Room>, RoomType>(
    Outer = new TransparentIdentifier<TransparentIdentifier<BookingRoom, Booking>, Room>(
        Outer = new TransparentIdentifier<BookingRoom, Booking>(
            Outer = StructuralTypeShaperExpression(
                StructuralType: HotelManagement.Models.BookingRoom
                ValueBufferExpression: ProjectionBindingExpression: Outer.Outer.Outer
                IsNullable: False), 
            Inner = StructuralTypeShaperExpression(
                StructuralType: HotelManagement.Models.Booking
                ValueBufferExpression: ProjectionBindingExpression: Outer.Outer.Inner
                IsNullable: False)
        ), 
        Inner = StructuralTypeShaperExpression(
            StructuralType: HotelManagement.Models.Room
            ValueBufferExpression: ProjectionBindingExpression: Outer.Inner
            IsNullable: False)
    ), 
    Inner = StructuralTypeShaperExpression(
        StructuralType: HotelManagement.Models.RoomType
        ValueBufferExpression: ProjectionBindingExpression: Inner
        IsNullable: False)
), 
GroupingEnumerable:ShapedQueryExpression: 
    QueryExpression: 
        Projection Mapping:
            Outer.Outer.Outer -> StructuralTypeProjectionExpression: BookingRoom
            Outer.Outer.Inner -> StructuralTypeProjectionExpression: Booking
            Outer.Inner -> StructuralTypeProjectionExpression: Room
            Inner -> StructuralTypeProjectionExpression: RoomType
        SELECT 1
        FROM booking_rooms AS b1
        INNER JOIN bookings AS b2 ON b1.booking_id == b2.booking_id
        INNER JOIN rooms AS r1 ON b1.room_id == r1.room_id
        INNER JOIN room_types AS r2 ON r1.room_type_id == r2.room_type_id
        WHERE (((b2.status != 'Cancelled') && (b1.check_in_date >= @__from_0)) && (b1.check_in_date <= @__to_1)) && (((b.room_id == b1.room_id) && (r.room_number == r1.room_number)) && (r0.name == r2.name))
    ShaperExpression: new TransparentIdentifier<TransparentIdentifier<TransparentIdentifier<BookingRoom, Booking>, Room>, RoomType>(
            Outer = new TransparentIdentifier<TransparentIdentifier<BookingRoom, Booking>, Room>(
                Outer = new TransparentIdentifier<BookingRoom, Booking>(
                    Outer = StructuralTypeShaperExpression(
                        StructuralType: HotelManagement.Models.BookingRoom
                        ValueBufferExpression: ProjectionBindingExpression: Outer.Outer.Outer
                        IsNullable: False), 
                    Inner = StructuralTypeShaperExpression(
                        StructuralType: HotelManagement.Models.Booking
                        ValueBufferExpression: ProjectionBindingExpression: Outer.Outer.Inner
                        IsNullable: False)
                ), 
                Inner = StructuralTypeShaperExpression(
                    StructuralType: HotelManagement.Models.Room
                    ValueBufferExpression: ProjectionBindingExpression: Outer.Inner
                    IsNullable: False)
            ), 
            Inner = StructuralTypeShaperExpression(
                StructuralType: HotelManagement.Models.RoomType
                ValueBufferExpression: ProjectionBindingExpression: Inner
                IsNullable: False)
        )

    .AsQueryable()
    .Sum(e => e.Outer.Outer.Outer.PricePerNight * (decimal)(e.Outer.Outer.Outer.CheckOutDate - e.Outer.Outer.Outer.CheckInDate).Days)' could not be translated. Either rewrite the query in a form that can be translated, or switch to client evaluation explicitly by inserting a call to 'AsEnumerable', 'AsAsyncEnumerable', 'ToList', or 'ToListAsync'. See https://go.microsoft.com/fwlink/?linkid=2101038 for more information.
System.InvalidOperationException: The LINQ expression 'RelationalGroupByShaperExpression:
KeySelector: new { 
    RoomId = b.room_id, 
    RoomNumber = r.room_number, 
    RoomTypeName = r0.name
 }, 
ElementSelector: new TransparentIdentifier<TransparentIdentifier<TransparentIdentifier<BookingRoom, Booking>, Room>, RoomType>(
    Outer = new TransparentIdentifier<TransparentIdentifier<BookingRoom, Booking>, Room>(
        Outer = new TransparentIdentifier<BookingRoom, Booking>(
            Outer = StructuralTypeShaperExpression(
                StructuralType: HotelManagement.Models.BookingRoom
                ValueBufferExpression: ProjectionBindingExpression: Outer.Outer.Outer
                IsNullable: False), 
            Inner = StructuralTypeShaperExpression(
                StructuralType: HotelManagement.Models.Booking
                ValueBufferExpression: ProjectionBindingExpression: Outer.Outer.Inner
                IsNullable: False)
        ), 
        Inner = StructuralTypeShaperExpression(
            StructuralType: HotelManagement.Models.Room
            ValueBufferExpression: ProjectionBindingExpression: Outer.Inner
            IsNullable: False)
    ), 
    Inner = StructuralTypeShaperExpression(
        StructuralType: HotelManagement.Models.RoomType
        ValueBufferExpression: ProjectionBindingExpression: Inner
        IsNullable: False)
), 
GroupingEnumerable:ShapedQueryExpression: 
    QueryExpression: 
        Projection Mapping:
            Outer.Outer.Outer -> StructuralTypeProjectionExpression: BookingRoom
            Outer.Outer.Inner -> StructuralTypeProjectionExpression: Booking
            Outer.Inner -> StructuralTypeProjectionExpression: Room
            Inner -> StructuralTypeProjectionExpression: RoomType
        SELECT 1
        FROM booking_rooms AS b1
        INNER JOIN bookings AS b2 ON b1.booking_id == b2.booking_id
        INNER JOIN rooms AS r1 ON b1.room_id == r1.room_id
        INNER JOIN room_types AS r2 ON r1.room_type_id == r2.room_type_id
        WHERE (((b2.status != 'Cancelled') && (b1.check_in_date >= @__from_0)) && (b1.check_in_date <= @__to_1)) && (((b.room_id == b1.room_id) && (r.room_number == r1.room_number)) && (r0.name == r2.name))
    ShaperExpression: new TransparentIdentifier<TransparentIdentifier<TransparentIdentifier<BookingRoom, Booking>, Room>, RoomType>(
            Outer = new TransparentIdentifier<TransparentIdentifier<BookingRoom, Booking>, Room>(
                Outer = new TransparentIdentifier<BookingRoom, Booking>(
                    Outer = StructuralTypeShaperExpression(
                        StructuralType: HotelManagement.Models.BookingRoom
                        ValueBufferExpression: ProjectionBindingExpression: Outer.Outer.Outer
                        IsNullable: False), 
                    Inner = StructuralTypeShaperExpression(
                        StructuralType: HotelManagement.Models.Booking
                        ValueBufferExpression: ProjectionBindingExpression: Outer.Outer.Inner
                        IsNullable: False)
                ), 
                Inner = StructuralTypeShaperExpression(
                    StructuralType: HotelManagement.Models.Room
                    ValueBufferExpression: ProjectionBindingExpression: Outer.Inner
                    IsNullable: False)
            ), 
            Inner = StructuralTypeShaperExpression(
                StructuralType: HotelManagement.Models.RoomType
                ValueBufferExpression: ProjectionBindingExpression: Inner
                IsNullable: False)
        )

    .AsQueryable()
    .Sum(e => e.Outer.Outer.Outer.PricePerNight * (decimal)(e.Outer.Outer.Outer.CheckOutDate - e.Outer.Outer.Outer.CheckInDate).Days)' could not be translated. Either rewrite the query in a form that can be translated, or switch to client evaluation explicitly by inserting a call to 'AsEnumerable', 'AsAsyncEnumerable', 'ToList', or 'ToListAsync'. See https://go.microsoft.com/fwlink/?linkid=2101038 for more information.
   at Microsoft.EntityFrameworkCore.Query.QueryableMethodTranslatingExpressionVisitor.Translate(Expression expression)
   at Microsoft.EntityFrameworkCore.Query.QueryableMethodTranslatingExpressionVisitor.TranslateSubquery(Expression expression)
   at Microsoft.EntityFrameworkCore.Query.RelationalSqlTranslatingExpressionVisitor.<VisitMethodCall>g__TranslateAsSubquery|33_0(Expression expression, <>c__DisplayClass33_0&)
   at Microsoft.EntityFrameworkCore.Query.RelationalSqlTranslatingExpressionVisitor.VisitMethodCall(MethodCallExpression methodCallExpression)
   at Pomelo.EntityFrameworkCore.MySql.Query.ExpressionVisitors.Internal.MySqlSqlTranslatingExpressionVisitor.CallBaseVisitMethodCall(MethodCallExpression methodCallExpression)
   at Pomelo.EntityFrameworkCore.MySql.Query.ExpressionVisitors.Internal.MySqlSqlTranslatingExpressionVisitor.VisitMethodCall(MethodCallExpression methodCallExpression)
   at Microsoft.EntityFrameworkCore.Query.RelationalSqlTranslatingExpressionVisitor.TranslateInternal(Expression expression, Boolean applyDefaultTypeMapping)
   at Microsoft.EntityFrameworkCore.Query.RelationalSqlTranslatingExpressionVisitor.TranslateProjection(Expression expression, Boolean applyDefaultTypeMapping)
   at Microsoft.EntityFrameworkCore.Query.Internal.RelationalProjectionBindingExpressionVisitor.Visit(Expression expression)
   at Microsoft.EntityFrameworkCore.Query.Internal.RelationalProjectionBindingExpressionVisitor.VisitMemberAssignment(MemberAssignment memberAssignment)
   at System.Linq.Expressions.ExpressionVisitor.VisitMemberBinding(MemberBinding node)
   at Microsoft.EntityFrameworkCore.Query.Internal.RelationalProjectionBindingExpressionVisitor.VisitMemberInit(MemberInitExpression memberInitExpression)
   at Microsoft.EntityFrameworkCore.Query.Internal.RelationalProjectionBindingExpressionVisitor.Visit(Expression expression)
   at Microsoft.EntityFrameworkCore.Query.Internal.RelationalProjectionBindingExpressionVisitor.Translate(SelectExpression selectExpression, Expression expression)
   at Microsoft.EntityFrameworkCore.Query.RelationalQueryableMethodTranslatingExpressionVisitor.TranslateSelect(ShapedQueryExpression source, LambdaExpression selector)
   at Microsoft.EntityFrameworkCore.Query.QueryableMethodTranslatingExpressionVisitor.VisitMethodCall(MethodCallExpression methodCallExpression)
   at Microsoft.EntityFrameworkCore.Query.RelationalQueryableMethodTranslatingExpressionVisitor.VisitMethodCall(MethodCallExpression methodCallExpression)
   at Microsoft.EntityFrameworkCore.Query.QueryableMethodTranslatingExpressionVisitor.VisitMethodCall(MethodCallExpression methodCallExpression)
   at Microsoft.EntityFrameworkCore.Query.RelationalQueryableMethodTranslatingExpressionVisitor.VisitMethodCall(MethodCallExpression methodCallExpression)
   at Microsoft.EntityFrameworkCore.Query.QueryableMethodTranslatingExpressionVisitor.VisitMethodCall(MethodCallExpression methodCallExpression)
   at Microsoft.EntityFrameworkCore.Query.RelationalQueryableMethodTranslatingExpressionVisitor.VisitMethodCall(MethodCallExpression methodCallExpression)
   at Microsoft.EntityFrameworkCore.Query.QueryableMethodTranslatingExpressionVisitor.VisitMethodCall(MethodCallExpression methodCallExpression)
   at Microsoft.EntityFrameworkCore.Query.RelationalQueryableMethodTranslatingExpressionVisitor.VisitMethodCall(MethodCallExpression methodCallExpression)
   at Microsoft.EntityFrameworkCore.Query.QueryableMethodTranslatingExpressionVisitor.Translate(Expression expression)
   at Microsoft.EntityFrameworkCore.Query.QueryCompilationContext.CreateQueryExecutorExpression[TResult](Expression query)
   at Microsoft.EntityFrameworkCore.Query.QueryCompilationContext.CreateQueryExecutor[TResult](Expression query)
   at Microsoft.EntityFrameworkCore.Storage.Database.CompileQuery[TResult](Expression query, Boolean async)
   at Microsoft.EntityFrameworkCore.Query.Internal.QueryCompiler.CompileQueryCore[TResult](IDatabase database, Expression query, IModel model, Boolean async)
   at Microsoft.EntityFrameworkCore.Query.Internal.QueryCompiler.<>c__DisplayClass11_0`1.<ExecuteCore>b__0()
   at Microsoft.EntityFrameworkCore.Query.Internal.CompiledQueryCache.GetOrAddQuery[TResult](Object cacheKey, Func`1 compiler)
   at Microsoft.EntityFrameworkCore.Query.Internal.QueryCompiler.ExecuteCore[TResult](Expression query, Boolean async, CancellationToken cancellationToken)
   at Microsoft.EntityFrameworkCore.Query.Internal.QueryCompiler.ExecuteAsync[TResult](Expression query, CancellationToken cancellationToken)
   at Microsoft.EntityFrameworkCore.Query.Internal.EntityQueryProvider.ExecuteAsync[TResult](Expression expression, CancellationToken cancellationToken)
   at Microsoft.EntityFrameworkCore.Query.Internal.EntityQueryable`1.GetAsyncEnumerator(CancellationToken cancellationToken)
   at System.Runtime.CompilerServices.ConfiguredCancelableAsyncEnumerable`1.GetAsyncEnumerator()
   at Microsoft.EntityFrameworkCore.EntityFrameworkQueryableExtensions.ToListAsync[TSource](IQueryable`1 source, CancellationToken cancellationToken)
   at HotelManagement.Controllers.ReportsController.GetTopRooms(DateTime from, DateTime to, Int32 top) in C:\Users\MSI\source\Do_An_2\Backend\Controllers\ReportsController.cs:line 192
   at Microsoft.AspNetCore.Mvc.Infrastructure.ActionMethodExecutor.TaskOfIActionResultExecutor.Execute(ActionContext actionContext, IActionResultTypeMapper mapper, ObjectMethodExecutor executor, Object controller, Object[] arguments)
   at Microsoft.AspNetCore.Mvc.Infrastructure.ControllerActionInvoker.<InvokeActionMethodAsync>g__Awaited|12_0(ControllerActionInvoker invoker, ValueTask`1 actionResultValueTask)
   at Microsoft.AspNetCore.Mvc.Infrastructure.ControllerActionInvoker.<InvokeNextActionFilterAsync>g__Awaited|10_0(ControllerActionInvoker invoker, Task lastTask, State next, Scope scope, Object state, Boolean isCompleted)
   at Microsoft.AspNetCore.Mvc.Infrastructure.ControllerActionInvoker.Rethrow(ActionExecutedContextSealed context)
   at Microsoft.AspNetCore.Mvc.Infrastructure.ControllerActionInvoker.Next(State& next, Scope& scope, Object& state, Boolean& isCompleted)
   at Microsoft.AspNetCore.Mvc.Infrastructure.ControllerActionInvoker.InvokeInnerFilterAsync()
--- End of stack trace from previous location ---
   at Microsoft.AspNetCore.Mvc.Infrastructure.ResourceInvoker.<InvokeFilterPipelineAsync>g__Awaited|20_0(ResourceInvoker invoker, Task lastTask, State next, Scope scope, Object state, Boolean isCompleted)
   at Microsoft.AspNetCore.Mvc.Infrastructure.ResourceInvoker.<InvokeAsync>g__Awaited|17_0(ResourceInvoker invoker, Task task, IDisposable scope)
   at Microsoft.AspNetCore.Mvc.Infrastructure.ResourceInvoker.<InvokeAsync>g__Awaited|17_0(ResourceInvoker invoker, Task task, IDisposable scope)
   at Microsoft.AspNetCore.Authorization.AuthorizationMiddleware.Invoke(HttpContext context)
   at Microsoft.AspNetCore.Authentication.AuthenticationMiddleware.Invoke(HttpContext context)
   at Serilog.AspNetCore.RequestLoggingMiddleware.Invoke(HttpContext httpContext)
   at HotelManagement.Middleware.GlobalExceptionMiddleware.InvokeAsync(HttpContext context) in C:\Users\MSI\source\Do_An_2\Backend\Middleware\GlobalExceptionMiddleware.cs:line 26
2026-05-30 11:24:50.217 +07:00 [INF] HTTP OPTIONS /api/rooms responded 204 in 0.2029 ms
2026-05-30 11:24:50.237 +07:00 [INF] HTTP GET /api/rooms responded 200 in 15.7823 ms
2026-05-30 11:24:53.130 +07:00 [INF] HTTP OPTIONS /api/rooms/1 responded 204 in 0.0591 ms
2026-05-30 11:24:53.176 +07:00 [INF] HTTP GET /api/rooms/1 responded 200 in 42.3104 ms
2026-05-30 11:25:19.083 +07:00 [INF] HTTP OPTIONS /api/bookings/available-rooms responded 204 in 0.0788 ms
2026-05-30 11:25:19.137 +07:00 [INF] GET /api/bookings/available-rooms — CheckIn: "2026-05-31T00:00:00.0000000", CheckOut: "2026-06-01T00:00:00.0000000"
2026-05-30 11:25:19.179 +07:00 [INF] HTTP GET /api/bookings/available-rooms responded 200 in 90.8845 ms
2026-05-30 11:25:35.451 +07:00 [INF] HTTP OPTIONS /api/promotions responded 204 in 0.0874 ms
2026-05-30 11:25:35.521 +07:00 [INF] HTTP GET /api/promotions responded 200 in 65.3266 ms
2026-05-30 11:25:49.301 +07:00 [INF] HTTP OPTIONS /api/bookings/validate-voucher responded 204 in 0.1013 ms
2026-05-30 11:25:49.322 +07:00 [INF] POST /api/bookings/validate-voucher — Code: SUMMER200
2026-05-30 11:25:49.336 +07:00 [INF] HTTP POST /api/bookings/validate-voucher responded 200 in 31.3947 ms
2026-05-30 11:27:30.282 +07:00 [INF] HTTP OPTIONS /api/rateplans responded 204 in 0.1017 ms
2026-05-30 11:27:30.343 +07:00 [INF] HTTP GET /api/rateplans responded 200 in 57.5910 ms
2026-05-30 11:27:30.348 +07:00 [INF] HTTP OPTIONS /api/bookings responded 204 in 0.0632 ms
2026-05-30 11:27:30.383 +07:00 [INF] POST /api/bookings — Guest: 2, RatePlan: 1, Rooms: [3]
2026-05-30 11:27:30.634 +07:00 [WRN] Compiling a query which loads related collections for more than one collection navigation, either via 'Include' or through projection, but no 'QuerySplittingBehavior' has been configured. By default, Entity Framework will use 'QuerySplittingBehavior.SingleQuery', which can potentially result in slow query performance. See https://go.microsoft.com/fwlink/?linkid=2134277 for more information. To identify the query that's triggering this warning call 'ConfigureWarnings(w => w.Throw(RelationalEventId.MultipleCollectionIncludeWarning))'.
2026-05-30 11:27:30.715 +07:00 [INF] Booking #12 created successfully.
2026-05-30 11:27:30.723 +07:00 [INF] HTTP POST /api/bookings responded 201 in 372.6469 ms
2026-05-30 11:27:32.774 +07:00 [INF] HTTP OPTIONS /api/bookings/12 responded 204 in 0.1306 ms
2026-05-30 11:27:32.795 +07:00 [INF] GET /api/bookings/12
2026-05-30 11:27:32.813 +07:00 [INF] HTTP GET /api/bookings/12 responded 200 in 32.2820 ms
2026-05-30 11:27:32.816 +07:00 [INF] HTTP OPTIONS /api/invoices/booking/12 responded 204 in 0.0387 ms
2026-05-30 11:27:32.838 +07:00 [WRN] Compiling a query which loads related collections for more than one collection navigation, either via 'Include' or through projection, but no 'QuerySplittingBehavior' has been configured. By default, Entity Framework will use 'QuerySplittingBehavior.SingleQuery', which can potentially result in slow query performance. See https://go.microsoft.com/fwlink/?linkid=2134277 for more information. To identify the query that's triggering this warning call 'ConfigureWarnings(w => w.Throw(RelationalEventId.MultipleCollectionIncludeWarning))'.
2026-05-30 11:27:32.869 +07:00 [INF] HTTP GET /api/invoices/booking/12 responded 200 in 49.4143 ms
2026-05-30 11:28:01.349 +07:00 [INF] HTTP OPTIONS /api/payments responded 204 in 0.0736 ms
2026-05-30 11:28:01.445 +07:00 [INF] HTTP POST /api/payments responded 201 in 92.8951 ms
2026-05-30 11:28:03.964 +07:00 [INF] HTTP OPTIONS /api/hotels/all responded 204 in 0.0603 ms
2026-05-30 11:28:03.966 +07:00 [INF] HTTP OPTIONS /api/rooms responded 204 in 0.0559 ms
2026-05-30 11:28:03.984 +07:00 [INF] HTTP GET /api/rooms responded 200 in 13.3579 ms
2026-05-30 11:28:03.993 +07:00 [INF] HTTP GET /api/hotels/all responded 200 in 22.1320 ms
2026-05-30 11:28:10.240 +07:00 [INF] HTTP OPTIONS /api/bookings/my-bookings responded 204 in 0.1297 ms
2026-05-30 11:28:10.256 +07:00 [INF] GET /api/bookings/my-bookings — UserId: 2
2026-05-30 11:28:10.293 +07:00 [INF] HTTP GET /api/bookings/my-bookings responded 200 in 48.4172 ms
2026-05-30 11:28:16.556 +07:00 [INF] HTTP OPTIONS /api/bookings responded 204 in 0.0729 ms
2026-05-30 11:28:16.577 +07:00 [INF] GET /api/bookings — Page: 1, Filter: {"GuestName":null,"Status":null,"CheckInFrom":null,"CheckInTo":null,"Page":1,"PageSize":20,"$type":"BookingFilterDto"}
2026-05-30 11:28:16.627 +07:00 [INF] HTTP GET /api/bookings responded 200 in 66.5849 ms
2026-05-30 11:28:20.572 +07:00 [INF] HTTP OPTIONS /api/bookings/12 responded 204 in 0.0415 ms
2026-05-30 11:28:20.582 +07:00 [INF] GET /api/bookings/12
2026-05-30 11:28:20.588 +07:00 [INF] HTTP GET /api/bookings/12 responded 200 in 12.9184 ms
2026-05-30 11:28:32.518 +07:00 [INF] HTTP OPTIONS /api/bookings/checkin responded 204 in 0.0607 ms
2026-05-30 11:28:32.534 +07:00 [INF] PUT /api/bookings/checkin — BookingId: 12
2026-05-30 11:28:32.553 +07:00 [INF] Check-in thành công. Booking #12 — Guest: Test12
2026-05-30 11:28:32.554 +07:00 [INF] HTTP PUT /api/bookings/checkin responded 200 in 32.8333 ms
2026-05-30 11:28:32.561 +07:00 [INF] HTTP OPTIONS /api/bookings responded 204 in 0.0516 ms
2026-05-30 11:28:32.572 +07:00 [INF] GET /api/bookings — Page: 1, Filter: {"GuestName":null,"Status":null,"CheckInFrom":null,"CheckInTo":null,"Page":1,"PageSize":20,"$type":"BookingFilterDto"}
2026-05-30 11:28:32.579 +07:00 [INF] HTTP GET /api/bookings responded 200 in 15.2855 ms
2026-05-30 11:28:36.926 +07:00 [INF] HTTP OPTIONS /api/session/runtime-id responded 204 in 0.0385 ms
2026-05-30 11:28:36.930 +07:00 [INF] HTTP GET /api/session/runtime-id responded 200 in 0.5054 ms
2026-05-30 11:28:36.962 +07:00 [INF] HTTP OPTIONS /api/bookings/my-bookings responded 204 in 0.0645 ms
2026-05-30 11:28:36.974 +07:00 [INF] GET /api/bookings/my-bookings — UserId: 2
2026-05-30 11:28:36.978 +07:00 [INF] HTTP GET /api/bookings/my-bookings responded 200 in 12.7713 ms
2026-05-30 11:28:51.481 +07:00 [INF] HTTP OPTIONS /api/bookings/available-rooms responded 204 in 0.1257 ms
2026-05-30 11:28:51.494 +07:00 [INF] GET /api/bookings/available-rooms — CheckIn: "2026-05-31T00:00:00.0000000", CheckOut: "2026-06-05T00:00:00.0000000"
2026-05-30 11:28:51.500 +07:00 [INF] HTTP GET /api/bookings/available-rooms responded 200 in 15.4050 ms
2026-05-30 11:29:10.635 +07:00 [INF] SignalR Disconnected: ConnId=UdpjWt5XH-96vXd7FOp7xg
2026-05-30 11:29:10.637 +07:00 [INF] HTTP GET /hubs/room responded 101 in 277129.6122 ms
2026-05-30 11:36:34.414 +07:00 [WRN] The query uses the 'First'/'FirstOrDefault' operator without 'OrderBy' and filter operators. This may lead to unpredictable results.
2026-05-30 11:37:00.305 +07:00 [WRN] Failed to determine the https port for redirect.
2026-05-30 11:37:00.312 +07:00 [INF] HTTP OPTIONS /api/auth/login responded 204 in 2.7335 ms
2026-05-30 11:37:00.562 +07:00 [INF] POST /api/auth/login — Email: Test12@example.com
2026-05-30 11:37:00.862 +07:00 [ERR] HTTP POST /api/auth/login responded 500 in 537.7505 ms
HotelManagement.Exceptions.AppException: Email hoặc mật khẩu không đúng.
   at HotelManagement.Services.Implementations.AuthService.LoginAsync(LoginRequestDto dto) in C:\Users\MSI\source\Do_An_2\Backend\Services\Implementations\AuthService.cs:line 87
   at HotelManagement.Controllers.AuthController.Login(LoginRequestDto dto) in C:\Users\MSI\source\Do_An_2\Backend\Controllers\AuthController.cs:line 35
   at Microsoft.AspNetCore.Mvc.Infrastructure.ActionMethodExecutor.TaskOfIActionResultExecutor.Execute(ActionContext actionContext, IActionResultTypeMapper mapper, ObjectMethodExecutor executor, Object controller, Object[] arguments)
   at Microsoft.AspNetCore.Mvc.Infrastructure.ControllerActionInvoker.<InvokeActionMethodAsync>g__Awaited|12_0(ControllerActionInvoker invoker, ValueTask`1 actionResultValueTask)
   at Microsoft.AspNetCore.Mvc.Infrastructure.ControllerActionInvoker.<InvokeNextActionFilterAsync>g__Awaited|10_0(ControllerActionInvoker invoker, Task lastTask, State next, Scope scope, Object state, Boolean isCompleted)
   at Microsoft.AspNetCore.Mvc.Infrastructure.ControllerActionInvoker.Rethrow(ActionExecutedContextSealed context)
   at Microsoft.AspNetCore.Mvc.Infrastructure.ControllerActionInvoker.Next(State& next, Scope& scope, Object& state, Boolean& isCompleted)
   at Microsoft.AspNetCore.Mvc.Infrastructure.ControllerActionInvoker.<InvokeInnerFilterAsync>g__Awaited|13_0(ControllerActionInvoker invoker, Task lastTask, State next, Scope scope, Object state, Boolean isCompleted)
   at Microsoft.AspNetCore.Mvc.Infrastructure.ResourceInvoker.<InvokeFilterPipelineAsync>g__Awaited|20_0(ResourceInvoker invoker, Task lastTask, State next, Scope scope, Object state, Boolean isCompleted)
   at Microsoft.AspNetCore.Mvc.Infrastructure.ResourceInvoker.<InvokeAsync>g__Awaited|17_0(ResourceInvoker invoker, Task task, IDisposable scope)
   at Microsoft.AspNetCore.Mvc.Infrastructure.ResourceInvoker.<InvokeAsync>g__Awaited|17_0(ResourceInvoker invoker, Task task, IDisposable scope)
   at Microsoft.AspNetCore.Authorization.AuthorizationMiddleware.Invoke(HttpContext context)
   at Microsoft.AspNetCore.Authentication.AuthenticationMiddleware.Invoke(HttpContext context)
   at Serilog.AspNetCore.RequestLoggingMiddleware.Invoke(HttpContext httpContext)
2026-05-30 11:37:00.882 +07:00 [WRN] AppException [401]: Email hoặc mật khẩu không đúng.
2026-05-30 11:37:11.255 +07:00 [INF] HTTP OPTIONS /api/auth/login responded 204 in 0.5146 ms
2026-05-30 11:37:11.269 +07:00 [INF] POST /api/auth/login — Email: Test12@example.com
2026-05-30 11:37:11.604 +07:00 [INF] User 'Test12' logged in.
2026-05-30 11:37:11.623 +07:00 [INF] HTTP POST /api/auth/login responded 200 in 364.6129 ms
2026-05-30 11:37:11.628 +07:00 [INF] HTTP OPTIONS /api/session/runtime-id responded 204 in 0.0815 ms
2026-05-30 11:37:11.665 +07:00 [INF] HTTP OPTIONS /api/hotels/all responded 204 in 0.1713 ms
2026-05-30 11:37:11.666 +07:00 [INF] HTTP OPTIONS /api/rooms responded 204 in 0.1617 ms
2026-05-30 11:37:11.674 +07:00 [INF] HTTP GET /api/session/runtime-id responded 200 in 42.6931 ms
2026-05-30 11:37:11.780 +07:00 [INF] HTTP GET /api/hotels/all responded 200 in 109.5820 ms
2026-05-30 11:37:11.790 +07:00 [INF] HTTP GET /api/rooms responded 200 in 119.6171 ms
2026-05-30 11:37:21.574 +07:00 [INF] HTTP OPTIONS /api/auth/login responded 204 in 0.1409 ms
2026-05-30 11:37:21.588 +07:00 [INF] POST /api/auth/login — Email: admin@hotel.com
2026-05-30 11:37:21.825 +07:00 [INF] User 'admin' logged in.
2026-05-30 11:37:21.826 +07:00 [INF] HTTP POST /api/auth/login responded 200 in 246.3081 ms
2026-05-30 11:37:21.831 +07:00 [INF] HTTP OPTIONS /api/session/runtime-id responded 204 in 0.0925 ms
2026-05-30 11:37:21.836 +07:00 [INF] HTTP GET /api/session/runtime-id responded 200 in 1.5150 ms
2026-05-30 11:37:21.914 +07:00 [INF] HTTP OPTIONS /api/rooms responded 204 in 0.0815 ms
2026-05-30 11:37:21.930 +07:00 [INF] HTTP GET /api/rooms responded 200 in 12.1606 ms
2026-05-30 11:37:21.966 +07:00 [INF] HTTP OPTIONS /hubs/room/negotiate responded 204 in 0.3256 ms
2026-05-30 11:37:21.966 +07:00 [INF] HTTP OPTIONS /hubs/room/negotiate responded 204 in 0.0338 ms
2026-05-30 11:37:21.978 +07:00 [INF] HTTP POST /hubs/room/negotiate responded 200 in 9.1866 ms
2026-05-30 11:37:21.978 +07:00 [INF] HTTP POST /hubs/room/negotiate responded 200 in 8.0332 ms
2026-05-30 11:37:22.073 +07:00 [INF] SignalR Connected: UserId=1, Role=, ConnId=Xbs5ClEQqyU4E8vMXzEqmg
2026-05-30 11:37:22.076 +07:00 [INF] SignalR Connected: UserId=1, Role=, ConnId=tv52S1O0AXhEz-tdGl3JDg
2026-05-30 11:37:35.786 +07:00 [INF] HTTP OPTIONS /api/bookings/available-rooms responded 204 in 0.1201 ms
2026-05-30 11:37:35.830 +07:00 [INF] GET /api/bookings/available-rooms — CheckIn: "2026-05-31T00:00:00.0000000", CheckOut: "2026-06-01T00:00:00.0000000"
2026-05-30 11:37:35.879 +07:00 [INF] HTTP GET /api/bookings/available-rooms responded 200 in 88.5033 ms
2026-05-30 11:37:43.380 +07:00 [INF] HTTP OPTIONS /api/bookings/available-rooms responded 204 in 0.1163 ms
2026-05-30 11:37:43.395 +07:00 [INF] GET /api/bookings/available-rooms — CheckIn: "2026-05-31T00:00:00.0000000", CheckOut: "2026-06-01T00:00:00.0000000"
2026-05-30 11:37:43.400 +07:00 [INF] HTTP GET /api/bookings/available-rooms responded 200 in 17.1268 ms
2026-05-30 11:37:48.432 +07:00 [INF] HTTP OPTIONS /api/bookings/available-rooms responded 204 in 0.0602 ms
2026-05-30 11:37:48.449 +07:00 [INF] GET /api/bookings/available-rooms — CheckIn: "2026-05-31T00:00:00.0000000", CheckOut: "2026-06-01T00:00:00.0000000"
2026-05-30 11:37:48.454 +07:00 [INF] HTTP GET /api/bookings/available-rooms responded 200 in 18.4369 ms
2026-05-30 11:37:54.435 +07:00 [INF] HTTP OPTIONS /api/rooms/1 responded 204 in 0.0629 ms
2026-05-30 11:37:54.480 +07:00 [INF] HTTP GET /api/rooms/1 responded 200 in 41.0073 ms
2026-05-30 11:38:02.097 +07:00 [INF] HTTP OPTIONS /api/rooms/1 responded 204 in 0.0837 ms
2026-05-30 11:38:02.114 +07:00 [INF] HTTP GET /api/rooms/1 responded 200 in 12.6170 ms
2026-05-30 11:38:08.257 +07:00 [INF] HTTP OPTIONS /api/rooms responded 204 in 0.1163 ms
2026-05-30 11:38:08.272 +07:00 [INF] HTTP GET /api/rooms responded 200 in 11.8445 ms
2026-05-30 11:38:11.630 +07:00 [INF] HTTP OPTIONS /api/rooms/1 responded 204 in 0.0647 ms
2026-05-30 11:38:11.645 +07:00 [INF] HTTP GET /api/rooms/1 responded 200 in 12.3743 ms
2026-05-30 11:38:16.077 +07:00 [INF] HTTP OPTIONS /api/bookings/available-rooms responded 204 in 0.0902 ms
2026-05-30 11:38:16.091 +07:00 [INF] GET /api/bookings/available-rooms — CheckIn: "2026-05-31T00:00:00.0000000", CheckOut: "2026-06-01T00:00:00.0000000"
2026-05-30 11:38:16.097 +07:00 [INF] HTTP GET /api/bookings/available-rooms responded 200 in 15.0337 ms
2026-05-30 11:38:24.863 +07:00 [INF] HTTP OPTIONS /api/bookings/available-rooms responded 204 in 0.0565 ms
2026-05-30 11:38:24.875 +07:00 [INF] GET /api/bookings/available-rooms — CheckIn: "2026-05-31T00:00:00.0000000", CheckOut: "2026-06-02T00:00:00.0000000"
2026-05-30 11:38:24.880 +07:00 [INF] HTTP GET /api/bookings/available-rooms responded 200 in 14.3684 ms
2026-05-30 11:38:26.153 +07:00 [INF] HTTP OPTIONS /api/bookings/available-rooms responded 204 in 0.0437 ms
2026-05-30 11:38:26.165 +07:00 [INF] GET /api/bookings/available-rooms — CheckIn: "2026-05-31T00:00:00.0000000", CheckOut: "2026-06-03T00:00:00.0000000"
2026-05-30 11:38:26.170 +07:00 [INF] HTTP GET /api/bookings/available-rooms responded 200 in 14.0353 ms
2026-05-30 11:38:44.871 +07:00 [INF] HTTP OPTIONS /api/hotels/all responded 204 in 0.0519 ms
2026-05-30 11:38:44.872 +07:00 [INF] HTTP OPTIONS /api/rooms responded 204 in 0.0431 ms
2026-05-30 11:38:44.889 +07:00 [INF] HTTP GET /api/rooms responded 200 in 11.5262 ms
2026-05-30 11:38:44.889 +07:00 [INF] HTTP GET /api/hotels/all responded 200 in 11.8233 ms
2026-05-30 11:38:48.667 +07:00 [INF] HTTP OPTIONS /api/bookings/my-bookings responded 204 in 0.0492 ms
2026-05-30 11:38:48.685 +07:00 [INF] GET /api/bookings/my-bookings — UserId: 2
2026-05-30 11:38:48.770 +07:00 [INF] HTTP GET /api/bookings/my-bookings responded 200 in 98.5636 ms
2026-05-30 11:38:55.752 +07:00 [INF] HTTP OPTIONS /api/bookings/available-rooms responded 204 in 0.0444 ms
2026-05-30 11:38:55.763 +07:00 [INF] GET /api/bookings/available-rooms — CheckIn: "2026-05-31T00:00:00.0000000", CheckOut: "2026-06-01T00:00:00.0000000"
2026-05-30 11:38:55.767 +07:00 [INF] HTTP GET /api/bookings/available-rooms responded 200 in 11.6904 ms
2026-05-30 11:39:06.839 +07:00 [INF] SignalR Disconnected: ConnId=tv52S1O0AXhEz-tdGl3JDg
2026-05-30 11:39:06.839 +07:00 [INF] SignalR Disconnected: ConnId=Xbs5ClEQqyU4E8vMXzEqmg
2026-05-30 11:39:06.841 +07:00 [INF] HTTP GET /hubs/room responded 101 in 104785.0848 ms
2026-05-30 11:39:06.841 +07:00 [INF] HTTP GET /hubs/room responded 101 in 104767.2401 ms
2026-05-30 11:41:27.662 +07:00 [INF] HTTP OPTIONS /api/auth/register responded 204 in 0.0543 ms
2026-05-30 11:41:27.681 +07:00 [INF] POST /api/auth/register — Username: testguest
2026-05-30 11:41:27.996 +07:00 [INF] User 'testguest' registered with role '"Guest"'.
2026-05-30 11:41:28.001 +07:00 [INF] HTTP POST /api/auth/register responded 201 in 337.5416 ms
2026-05-30 11:42:06.265 +07:00 [INF] HTTP OPTIONS /api/auth/login responded 204 in 0.0576 ms
2026-05-30 11:42:06.278 +07:00 [INF] POST /api/auth/login — Email: testguest@example.com
2026-05-30 11:42:06.541 +07:00 [INF] User 'testguest' logged in.
2026-05-30 11:42:06.543 +07:00 [INF] HTTP POST /api/auth/login responded 200 in 274.9425 ms
2026-05-30 11:42:06.595 +07:00 [INF] HTTP OPTIONS /api/session/runtime-id responded 204 in 0.0676 ms
2026-05-30 11:42:06.598 +07:00 [INF] HTTP GET /api/session/runtime-id responded 200 in 0.4156 ms
2026-05-30 11:42:06.640 +07:00 [INF] HTTP OPTIONS /api/hotels/all responded 204 in 0.1067 ms
2026-05-30 11:42:06.643 +07:00 [INF] HTTP OPTIONS /api/rooms responded 204 in 0.1023 ms
2026-05-30 11:42:06.659 +07:00 [INF] HTTP GET /api/hotels/all responded 200 in 15.1273 ms
2026-05-30 11:42:06.659 +07:00 [INF] HTTP GET /api/rooms responded 200 in 13.6255 ms
2026-05-30 11:42:06.779 +07:00 [INF] HTTP GET /uploads/202605/b5d869f5f0c04df6a9e0188b950ca814.jpg responded 200 in 9.8940 ms
2026-05-30 11:42:06.779 +07:00 [INF] HTTP GET /uploads/202605/5fb7bad542924a3689df459d3b6bd10f.jpg responded 200 in 6.7434 ms
2026-05-30 11:42:06.779 +07:00 [INF] HTTP GET /uploads/202605/873f58b9c0fa44c9a3b84aa270ac10ac.jpg responded 200 in 6.6748 ms
2026-05-30 11:42:06.779 +07:00 [INF] HTTP GET /uploads/202605/42a199d928fb4c41b85a1c2bf1c2f328.jpg responded 200 in 6.2417 ms
2026-05-30 11:42:06.779 +07:00 [INF] HTTP GET /uploads/202605/14b8cbed619f4a488c5594f3366b28ac.jpg responded 200 in 9.8990 ms
2026-05-30 11:42:06.782 +07:00 [INF] HTTP GET /uploads/202604/c595ef30523a44bb9d8d40075a4d9c8c.jpg responded 200 in 13.0832 ms
2026-05-30 11:42:06.784 +07:00 [INF] HTTP GET /uploads/202605/d3db65df8a0d4c07a5d718fc8534f3cf.jpg responded 200 in 0.6132 ms
2026-05-30 11:42:19.710 +07:00 [INF] HTTP OPTIONS /api/session/runtime-id responded 204 in 0.1430 ms
2026-05-30 11:42:19.714 +07:00 [INF] HTTP GET /api/session/runtime-id responded 200 in 0.5372 ms
2026-05-30 11:42:26.708 +07:00 [INF] HTTP OPTIONS /api/bookings/available-rooms responded 204 in 0.1832 ms
2026-05-30 11:42:26.720 +07:00 [INF] GET /api/bookings/available-rooms — CheckIn: "2026-05-31T00:00:00.0000000", CheckOut: "2026-06-01T00:00:00.0000000"
2026-05-30 11:42:26.727 +07:00 [INF] HTTP GET /api/bookings/available-rooms responded 200 in 16.5326 ms
2026-05-30 11:42:44.715 +07:00 [INF] HTTP OPTIONS /api/session/runtime-id responded 204 in 0.0306 ms
2026-05-30 11:42:44.718 +07:00 [INF] HTTP GET /api/session/runtime-id responded 200 in 0.4703 ms
2026-05-30 11:42:44.875 +07:00 [INF] HTTP OPTIONS /api/bookings/available-rooms responded 204 in 0.0409 ms
2026-05-30 11:42:44.887 +07:00 [INF] GET /api/bookings/available-rooms — CheckIn: "2026-05-31T00:00:00.0000000", CheckOut: "2026-06-01T00:00:00.0000000"
2026-05-30 11:42:44.891 +07:00 [INF] HTTP GET /api/bookings/available-rooms responded 200 in 13.2459 ms
2026-05-30 11:43:56.298 +07:00 [INF] HTTP OPTIONS /api/session/runtime-id responded 204 in 0.0352 ms
2026-05-30 11:43:56.301 +07:00 [INF] HTTP GET /api/session/runtime-id responded 200 in 0.5435 ms
2026-05-30 11:43:56.469 +07:00 [INF] HTTP OPTIONS /api/bookings/available-rooms responded 204 in 0.0455 ms
2026-05-30 11:43:56.480 +07:00 [INF] GET /api/bookings/available-rooms — CheckIn: "2026-05-31T00:00:00.0000000", CheckOut: "2026-06-01T00:00:00.0000000"
2026-05-30 11:43:56.484 +07:00 [INF] HTTP GET /api/bookings/available-rooms responded 200 in 12.3355 ms
2026-05-30 11:44:01.112 +07:00 [INF] HTTP GET /api/session/runtime-id responded 200 in 0.8278 ms
2026-05-30 11:44:01.268 +07:00 [INF] GET /api/bookings/available-rooms — CheckIn: "2026-05-31T00:00:00.0000000", CheckOut: "2026-06-01T00:00:00.0000000"
2026-05-30 11:44:01.271 +07:00 [INF] HTTP GET /api/bookings/available-rooms responded 200 in 11.8517 ms
2026-05-30 11:44:07.138 +07:00 [INF] HTTP OPTIONS /api/session/runtime-id responded 204 in 0.0467 ms
2026-05-30 11:44:07.141 +07:00 [INF] HTTP GET /api/session/runtime-id responded 200 in 0.6624 ms
2026-05-30 11:44:07.294 +07:00 [INF] HTTP OPTIONS /api/bookings/available-rooms responded 204 in 0.0596 ms
2026-05-30 11:44:07.304 +07:00 [INF] GET /api/bookings/available-rooms — CheckIn: "2026-05-31T00:00:00.0000000", CheckOut: "2026-06-01T00:00:00.0000000"
2026-05-30 11:44:07.308 +07:00 [INF] HTTP GET /api/bookings/available-rooms responded 200 in 12.5920 ms
2026-05-30 11:44:14.630 +07:00 [INF] HTTP OPTIONS /api/session/runtime-id responded 204 in 0.0459 ms
2026-05-30 11:44:14.633 +07:00 [INF] HTTP GET /api/session/runtime-id responded 200 in 0.2731 ms
2026-05-30 11:44:14.778 +07:00 [INF] HTTP OPTIONS /api/bookings/available-rooms responded 204 in 0.0309 ms
2026-05-30 11:44:14.788 +07:00 [INF] GET /api/bookings/available-rooms — CheckIn: "2026-05-31T00:00:00.0000000", CheckOut: "2026-06-01T00:00:00.0000000"
2026-05-30 11:44:14.792 +07:00 [INF] HTTP GET /api/bookings/available-rooms responded 200 in 11.5938 ms
2026-05-30 11:44:27.142 +07:00 [INF] HTTP OPTIONS /api/session/runtime-id responded 204 in 0.0488 ms
2026-05-30 11:44:27.145 +07:00 [INF] HTTP GET /api/session/runtime-id responded 200 in 0.2835 ms
2026-05-30 11:44:27.292 +07:00 [INF] HTTP OPTIONS /api/bookings/available-rooms responded 204 in 0.0360 ms
2026-05-30 11:44:27.301 +07:00 [INF] GET /api/bookings/available-rooms — CheckIn: "2026-05-31T00:00:00.0000000", CheckOut: "2026-06-01T00:00:00.0000000"
2026-05-30 11:44:27.305 +07:00 [INF] HTTP GET /api/bookings/available-rooms responded 200 in 10.1889 ms
2026-05-30 11:44:42.539 +07:00 [INF] HTTP OPTIONS /api/session/runtime-id responded 204 in 0.0339 ms
2026-05-30 11:44:42.542 +07:00 [INF] HTTP GET /api/session/runtime-id responded 200 in 0.7157 ms
2026-05-30 11:44:42.692 +07:00 [INF] HTTP OPTIONS /api/bookings/available-rooms responded 204 in 0.0410 ms
2026-05-30 11:44:42.702 +07:00 [INF] GET /api/bookings/available-rooms — CheckIn: "2026-05-31T00:00:00.0000000", CheckOut: "2026-06-01T00:00:00.0000000"
2026-05-30 11:44:42.707 +07:00 [INF] HTTP GET /api/bookings/available-rooms responded 200 in 11.7627 ms
2026-05-30 11:44:56.910 +07:00 [INF] HTTP OPTIONS /api/session/runtime-id responded 204 in 0.0418 ms
2026-05-30 11:44:56.915 +07:00 [INF] HTTP GET /api/session/runtime-id responded 200 in 0.7350 ms
2026-05-30 11:45:05.149 +07:00 [INF] HTTP OPTIONS /api/bookings/available-rooms responded 204 in 0.0536 ms
2026-05-30 11:45:05.163 +07:00 [INF] GET /api/bookings/available-rooms — CheckIn: "2026-05-31T00:00:00.0000000", CheckOut: "2026-06-01T00:00:00.0000000"
2026-05-30 11:45:05.170 +07:00 [INF] HTTP GET /api/bookings/available-rooms responded 200 in 17.7646 ms
2026-05-30 11:45:20.171 +07:00 [INF] HTTP OPTIONS /api/rooms/1 responded 204 in 0.0641 ms
2026-05-30 11:45:20.189 +07:00 [INF] HTTP GET /api/rooms/1 responded 200 in 13.7784 ms
2026-05-30 11:45:40.759 +07:00 [INF] HTTP OPTIONS /api/session/runtime-id responded 204 in 0.0371 ms
2026-05-30 11:45:40.763 +07:00 [INF] HTTP GET /api/session/runtime-id responded 200 in 0.6458 ms
2026-05-30 11:45:40.910 +07:00 [INF] HTTP OPTIONS /api/bookings/available-rooms responded 204 in 0.0556 ms
2026-05-30 11:45:40.921 +07:00 [INF] GET /api/bookings/available-rooms — CheckIn: "2026-05-31T00:00:00.0000000", CheckOut: "2026-06-01T00:00:00.0000000"
2026-05-30 11:45:40.926 +07:00 [INF] HTTP GET /api/bookings/available-rooms responded 200 in 13.1232 ms
2026-05-30 11:48:32.137 +07:00 [INF] HTTP OPTIONS /api/session/runtime-id responded 204 in 0.0396 ms
2026-05-30 11:48:32.141 +07:00 [INF] HTTP GET /api/session/runtime-id responded 200 in 0.4207 ms
2026-05-30 11:48:32.301 +07:00 [INF] HTTP OPTIONS /api/bookings/available-rooms responded 204 in 0.0314 ms
2026-05-30 11:48:32.314 +07:00 [INF] GET /api/bookings/available-rooms — CheckIn: "2026-05-31T00:00:00.0000000", CheckOut: "2026-06-01T00:00:00.0000000"
2026-05-30 11:48:32.320 +07:00 [INF] HTTP GET /api/bookings/available-rooms responded 200 in 16.1366 ms
2026-05-30 11:48:40.497 +07:00 [INF] HTTP OPTIONS /api/bookings/available-rooms responded 204 in 0.0292 ms
2026-05-30 11:48:40.508 +07:00 [INF] GET /api/bookings/available-rooms — CheckIn: "2026-05-31T00:00:00.0000000", CheckOut: "2026-06-01T00:00:00.0000000"
2026-05-30 11:48:40.513 +07:00 [INF] HTTP GET /api/bookings/available-rooms responded 200 in 12.7802 ms
2026-05-30 11:48:42.557 +07:00 [INF] HTTP OPTIONS /api/session/runtime-id responded 204 in 0.0425 ms
2026-05-30 11:48:42.560 +07:00 [INF] HTTP GET /api/session/runtime-id responded 200 in 0.4125 ms
2026-05-30 11:48:42.717 +07:00 [INF] GET /api/bookings/available-rooms — CheckIn: "2026-05-31T00:00:00.0000000", CheckOut: "2026-06-01T00:00:00.0000000"
2026-05-30 11:48:42.721 +07:00 [INF] HTTP GET /api/bookings/available-rooms responded 200 in 12.2607 ms
2026-05-30 11:48:56.486 +07:00 [INF] HTTP OPTIONS /api/session/runtime-id responded 204 in 0.0352 ms
2026-05-30 11:48:56.490 +07:00 [INF] HTTP GET /api/session/runtime-id responded 200 in 0.5029 ms
2026-05-30 11:48:56.646 +07:00 [INF] HTTP OPTIONS /api/bookings/available-rooms responded 204 in 0.0305 ms
2026-05-30 11:48:56.655 +07:00 [INF] GET /api/bookings/available-rooms — CheckIn: "2026-05-31T00:00:00.0000000", CheckOut: "2026-06-01T00:00:00.0000000"
2026-05-30 11:48:56.659 +07:00 [INF] HTTP GET /api/bookings/available-rooms responded 200 in 10.9839 ms
2026-05-30 11:50:04.400 +07:00 [INF] HTTP OPTIONS /api/bookings/available-rooms responded 204 in 0.0427 ms
2026-05-30 11:50:04.412 +07:00 [INF] GET /api/bookings/available-rooms — CheckIn: "2026-05-31T00:00:00.0000000", CheckOut: "2026-06-02T00:00:00.0000000"
2026-05-30 11:50:04.421 +07:00 [INF] HTTP GET /api/bookings/available-rooms responded 200 in 18.9212 ms
2026-05-30 11:50:05.653 +07:00 [INF] HTTP OPTIONS /api/bookings/available-rooms responded 204 in 0.0315 ms
2026-05-30 11:50:05.663 +07:00 [INF] GET /api/bookings/available-rooms — CheckIn: "2026-05-31T00:00:00.0000000", CheckOut: "2026-06-01T00:00:00.0000000"
2026-05-30 11:50:05.669 +07:00 [INF] HTTP GET /api/bookings/available-rooms responded 200 in 13.4252 ms
2026-05-30 11:50:16.777 +07:00 [INF] HTTP OPTIONS /api/auth/refresh responded 204 in 0.0547 ms
2026-05-30 11:50:16.791 +07:00 [INF] POST /api/auth/refresh
2026-05-30 11:50:16.810 +07:00 [INF] Token refreshed for user 'testguest'.
2026-05-30 11:50:16.811 +07:00 [INF] HTTP POST /api/auth/refresh responded 200 in 31.4967 ms
